MapName,ChunkX,ChunkY,CenterX,CenterY,RegionCode,OreCap,WoodCap,FishCap,FarmCap,TanCap
Felucca,0,0,64,64,0,0,0,4000,0,0
Felucca,0,1,64,192,0,0,0,4000,0,0
Felucca,0,2,64,320,0,0,0,4000,0,0
Felucca,0,3,64,448,0,0,0,4000,0,0
Felucca,0,4,64,576,0,0,0,4000,0,0
Felucca,0,5,64,704,0,0,0,4000,0,0
Felucca,0,6,64,832,0,0,0,4000,0,0
Felucca,0,7,64,960,0,0,0,4000,0,0
Felucca,0,8,64,1088,0,0,0,4000,0,0
Felucca,0,9,64,1216,0,0,0,4000,0,0
Felucca,0,10,64,1344,0,0,44,4000,0,44
Felucca,0,11,64,1472,0,200,36,4000,0,36
Felucca,0,12,64,1600,0,0,0,4000,0,0
Felucca,0,13,64,1728,0,0,0,4000,0,0
Felucca,0,14,64,1856,0,0,0,4000,0,0
Felucca,0,15,64,1984,0,0,0,4000,0,0
Felucca,0,16,64,2112,0,0,0,4000,0,0
Felucca,0,17,64,2240,0,0,0,4000,0,0
Felucca,0,18,64,2368,0,0,0,4000,0,0
Felucca,0,19,64,2496,0,0,0,4000,0,0
Felucca,0,20,64,2624,0,0,0,4000,0,0
Felucca,0,21,64,2752,0,0,0,4000,0,0
Felucca,0,22,64,2880,0,0,0,4000,0,0
Felucca,0,23,64,3008,0,0,0,4000,0,0
Felucca,0,24,64,3136,0,0,0,4000,0,0
Felucca,0,25,64,3264,0,0,0,4000,0,0
Felucca,0,26,64,3392,0,0,0,4000,0,0
Felucca,0,27,64,3520,0,0,0,4000,0,0
Felucca,0,28,64,3648,0,0,0,4000,0,0
Felucca,0,29,64,3776,0,0,0,4000,0,0
Felucca,0,30,64,3904,0,0,0,4000,0,0
Felucca,0,31,64,4032,0,0,0,4000,0,0
Felucca,1,0,192,64,0,0,0,4000,0,0
Felucca,1,1,192,192,0,0,0,4000,0,0
Felucca,1,2,192,320,0,0,0,4000,0,0
Felucca,1,3,192,448,0,0,0,4000,0,0
Felucca,1,4,192,576,0,0,0,4000,0,0
Felucca,1,5,192,704,210800,200,37,2000,0,37
Felucca,1,6,192,832,210800,200,47,2000,0,47
Felucca,1,7,192,960,210800,0,2,4000,0,2
Felucca,1,8,192,1088,210800,0,3,4000,0,3
Felucca,1,9,192,1216,210800,0,0,4000,0,0
Felucca,1,10,192,1344,0,200,1552,2000,0,1552
Felucca,1,11,192,1472,0,200,1834,1000,0,1834
Felucca,1,12,192,1600,0,0,0,4000,0,0
Felucca,1,13,192,1728,0,0,0,4000,0,0
Felucca,1,14,192,1856,0,0,0,4000,0,0
Felucca,1,15,192,1984,0,0,0,4000,0,0
Felucca,1,16,192,2112,0,0,0,4000,0,0
Felucca,1,17,192,2240,0,0,0,4000,0,0
Felucca,1,18,192,2368,0,0,0,4000,0,0
Felucca,1,19,192,2496,0,0,0,4000,0,0
Felucca,1,20,192,2624,0,0,0,4000,0,0
Felucca,1,21,192,2752,0,0,0,4000,0,0
Felucca,1,22,192,2880,0,0,0,4000,0,0
Felucca,1,23,192,3008,0,0,0,4000,0,0
Felucca,1,24,192,3136,0,0,0,4000,0,0
Felucca,1,25,192,3264,0,0,0,4000,0,0
Felucca,1,26,192,3392,0,0,0,4000,0,0
Felucca,1,27,192,3520,0,0,0,4000,0,0
Felucca,1,28,192,3648,0,0,0,4000,0,0
Felucca,1,29,192,3776,0,0,0,4000,0,0
Felucca,1,30,192,3904,0,0,0,4000,0,0
Felucca,1,31,192,4032,0,0,0,4000,0,0
Felucca,2,0,320,64,0,0,0,4000,0,0
Felucca,2,1,320,192,0,0,0,4000,0,0
Felucca,2,2,320,320,0,0,0,4000,0,0
Felucca,2,3,320,448,0,0,0,4000,0,0
Felucca,2,4,320,576,0,0,0,4000,0,0
Felucca,2,5,320,704,210800,200,47,2000,0,47
Felucca,2,6,320,832,210800,200,123,1000,0,123
Felucca,2,7,320,960,210800,200,210,1000,0,210
Felucca,2,8,320,1088,210800,200,193,2000,0,193
Felucca,2,9,320,1216,210800,200,246,2000,0,246
Felucca,2,10,320,1344,0,21575,1504,1000,0,1504
Felucca,2,11,320,1472,0,47845,618,1000,0,618
Felucca,2,12,320,1600,0,1560,452,2000,0,452
Felucca,2,13,320,1728,0,0,0,4000,0,0
Felucca,2,14,320,1856,0,0,0,4000,0,0
Felucca,2,15,320,1984,0,0,0,4000,0,0
Felucca,2,16,320,2112,0,0,0,4000,0,0
Felucca,2,17,320,2240,0,0,0,4000,0,0
Felucca,2,18,320,2368,0,0,0,4000,0,0
Felucca,2,19,320,2496,0,0,0,4000,0,0
Felucca,2,20,320,2624,0,0,0,4000,0,0
Felucca,2,21,320,2752,0,0,0,4000,0,0
Felucca,2,22,320,2880,0,0,0,4000,0,0
Felucca,2,23,320,3008,0,0,0,4000,0,0
Felucca,2,24,320,3136,0,0,0,4000,0,0
Felucca,2,25,320,3264,0,0,0,4000,0,0
Felucca,2,26,320,3392,0,0,0,4000,0,0
Felucca,2,27,320,3520,0,0,0,4000,0,0
Felucca,2,28,320,3648,0,0,0,4000,0,0
Felucca,2,29,320,3776,0,0,0,4000,0,0
Felucca,2,30,320,3904,0,0,0,4000,0,0
Felucca,2,31,320,4032,0,0,0,4000,0,0
Felucca,3,0,448,64,0,0,0,4000,0,0
Felucca,3,1,448,192,0,0,0,4000,0,0
Felucca,3,2,448,320,0,0,0,4000,0,0
Felucca,3,3,448,448,0,0,0,4000,0,0
Felucca,3,4,448,576,0,0,0,4000,0,0
Felucca,3,5,448,704,210800,0,0,4000,0,0
Felucca,3,6,448,832,210800,200,175,2000,0,175
Felucca,3,7,448,960,210800,0,369,1000,0,369
Felucca,3,8,448,1088,210800,200,345,2000,0,345
Felucca,3,9,448,1216,210800,200,382,1000,0,382
Felucca,3,10,448,1344,0,6670,2160,1000,0,2160
Felucca,3,11,448,1472,0,68700,308,0,0,308
Felucca,3,12,448,1600,0,22010,2166,0,0,2166
Felucca,3,13,448,1728,0,200,822,2000,0,822
Felucca,3,14,448,1856,0,0,0,4000,0,0
Felucca,3,15,448,1984,0,1335,124,2000,0,124
Felucca,3,16,448,2112,0,200,384,2000,0,384
Felucca,3,17,448,2240,0,0,0,4000,0,0
Felucca,3,18,448,2368,0,0,0,4000,0,0
Felucca,3,19,448,2496,0,0,0,4000,0,0
Felucca,3,20,448,2624,0,0,0,4000,0,0
Felucca,3,21,448,2752,0,0,0,4000,0,0
Felucca,3,22,448,2880,0,0,0,4000,0,0
Felucca,3,23,448,3008,0,0,0,4000,0,0
Felucca,3,24,448,3136,0,0,0,4000,0,0
Felucca,3,25,448,3264,0,0,0,4000,0,0
Felucca,3,26,448,3392,0,0,0,4000,0,0
Felucca,3,27,448,3520,0,0,0,4000,0,0
Felucca,3,28,448,3648,0,0,0,4000,0,0
Felucca,3,29,448,3776,0,0,0,4000,0,0
Felucca,3,30,448,3904,0,0,0,4000,0,0
Felucca,3,31,448,4032,0,0,0,4000,0,0
Felucca,4,0,576,64,0,0,0,4000,0,0
Felucca,4,1,576,192,0,0,0,4000,0,0
Felucca,4,2,576,320,0,0,0,4000,0,0
Felucca,4,3,576,448,0,0,0,4000,0,0
Felucca,4,4,576,576,0,0,0,4000,0,0
Felucca,4,5,576,704,210800,200,2,4000,0,2
Felucca,4,6,576,832,210800,200,120,1000,0,120
Felucca,4,7,576,960,210800,0,297,0,0,297
Felucca,4,8,576,1088,210800,0,742,0,0,742
Felucca,4,9,576,1216,210800,0,826,0,0,826
Felucca,4,10,576,1344,0,200,2472,1000,0,2472
Felucca,4,11,576,1472,0,22595,2218,0,0,2218
Felucca,4,12,576,1600,0,53570,928,0,0,928
Felucca,4,13,576,1728,0,200,1408,2000,0,1408
Felucca,4,14,576,1856,0,0,0,4000,0,0
Felucca,4,15,576,1984,0,20,0,4000,0,0
Felucca,4,16,576,2112,210500,675,289,1000,0,289
Felucca,4,17,576,2240,210500,200,117,1000,0,117
Felucca,4,18,576,2368,210500,0,0,4000,0,0
Felucca,4,19,576,2496,0,0,0,4000,0,0
Felucca,4,20,576,2624,0,0,0,4000,0,0
Felucca,4,21,576,2752,0,0,0,4000,0,0
Felucca,4,22,576,2880,0,0,0,4000,0,0
Felucca,4,23,576,3008,0,0,0,4000,0,0
Felucca,4,24,576,3136,0,0,0,4000,0,0
Felucca,4,25,576,3264,0,0,0,4000,0,0
Felucca,4,26,576,3392,0,0,0,4000,0,0
Felucca,4,27,576,3520,0,0,0,4000,0,0
Felucca,4,28,576,3648,0,0,0,4000,0,0
Felucca,4,29,576,3776,0,0,0,4000,0,0
Felucca,4,30,576,3904,0,0,0,4000,0,0
Felucca,4,31,576,4032,0,0,0,4000,0,0
Felucca,5,0,704,64,0,0,0,4000,0,0
Felucca,5,1,704,192,0,0,0,4000,0,0
Felucca,5,2,704,320,0,0,0,4000,0,0
Felucca,5,3,704,448,0,0,0,4000,0,0
Felucca,5,4,704,576,0,200,168,2000,0,168
Felucca,5,5,704,704,210800,200,244,1000,0,244
Felucca,5,6,704,832,210800,0,308,0,0,308
Felucca,5,7,704,960,210800,0,292,0,0,292
Felucca,5,8,704,1088,210800,0,741,0,0,741
Felucca,5,9,704,1216,210800,0,861,0,0,861
Felucca,5,10,704,1344,0,0,2468,0,0,2468
Felucca,5,11,704,1472,0,160,2880,0,0,2880
Felucca,5,12,704,1600,0,65080,592,0,0,592
Felucca,5,13,704,1728,0,12795,1140,2000,0,1140
Felucca,5,14,704,1856,0,200,1038,1000,0,1038
Felucca,5,15,704,1984,0,200,494,2000,0,494
Felucca,5,16,704,2112,210500,200,344,1000,0,344
Felucca,5,17,704,2240,210500,200,198,2000,0,198
Felucca,5,18,704,2368,210500,200,45,2000,0,45
Felucca,5,19,704,2496,0,0,0,4000,0,0
Felucca,5,20,704,2624,0,0,0,4000,0,0
Felucca,5,21,704,2752,0,0,0,4000,0,0
Felucca,5,22,704,2880,0,0,0,4000,0,0
Felucca,5,23,704,3008,0,0,0,4000,0,0
Felucca,5,24,704,3136,0,0,0,4000,0,0
Felucca,5,25,704,3264,0,0,0,4000,0,0
Felucca,5,26,704,3392,210900,0,0,4000,0,0
Felucca,5,27,704,3520,210900,0,0,4000,0,0
Felucca,5,28,704,3648,210900,0,0,4000,0,0
Felucca,5,29,704,3776,210900,0,0,4000,0,0
Felucca,5,30,704,3904,210900,0,0,4000,0,0
Felucca,5,31,704,4032,210900,0,0,4000,0,0
Felucca,6,13,832,1728,0,4495,2566,1000,0,2566
Felucca,6,14,832,1856,0,0,1628,0,0,1628
Felucca,6,15,832,1984,0,200,1040,1000,0,1040
Felucca,6,16,832,2112,210500,200,417,1000,0,417
Felucca,6,17,832,2240,210500,0,418,0,0,418
Felucca,6,18,832,2368,210500,200,242,1000,0,242
Felucca,6,19,832,2496,0,200,56,2000,0,56
Felucca,6,20,832,2624,0,0,0,4000,0,0
Felucca,6,21,832,2752,0,0,0,4000,0,0
Felucca,6,22,832,2880,0,0,0,4000,0,0
Felucca,6,23,832,3008,0,0,0,4000,0,0
Felucca,6,24,832,3136,0,0,0,4000,0,0
Felucca,6,25,832,3264,0,0,0,4000,0,0
Felucca,6,26,832,3392,210900,0,0,4000,0,0
Felucca,6,27,832,3520,210900,0,0,4000,0,0
Felucca,6,28,832,3648,210900,0,0,4000,0,0
Felucca,6,29,832,3776,210900,0,0,4000,0,0
Felucca,6,30,832,3904,210900,0,0,4000,0,0
Felucca,6,31,832,4032,210900,0,0,4000,0,0
Felucca,7,13,960,1728,0,0,2890,0,0,2890
Felucca,7,14,960,1856,0,0,1964,0,0,1964
Felucca,7,15,960,1984,0,0,2260,0,0,2260
Felucca,7,16,960,2112,0,0,2026,0,0,2026
Felucca,7,17,960,2240,0,0,2332,0,0,2332
Felucca,7,18,960,2368,0,0,1694,0,0,1694
Felucca,7,19,960,2496,0,0,2258,1000,0,2258
Felucca,7,20,960,2624,0,200,1596,1000,0,1596
Felucca,7,21,960,2752,0,0,276,2000,0,276
Felucca,7,22,960,2880,0,0,0,4000,0,0
Felucca,7,23,960,3008,0,0,0,4000,0,0
Felucca,7,24,960,3136,0,0,0,4000,0,0
Felucca,7,25,960,3264,0,0,0,4000,0,0
Felucca,7,26,960,3392,210900,0,0,4000,0,0
Felucca,7,27,960,3520,210900,0,0,4000,0,0
Felucca,7,28,960,3648,210900,0,0,4000,0,0
Felucca,7,29,960,3776,210900,0,0,4000,0,0
Felucca,7,30,960,3904,210900,0,0,4000,0,0
Felucca,7,31,960,4032,210900,0,0,4000,0,0
Felucca,8,13,1088,1728,0,52505,932,0,0,932
Felucca,8,14,1088,1856,0,51615,730,0,0,730
Felucca,8,15,1088,1984,0,26605,1862,0,0,1862
Felucca,8,16,1088,2112,0,0,2926,0,0,2926
Felucca,8,17,1088,2240,0,610,300,0,0,300
Felucca,8,18,1088,2368,0,0,3310,0,0,3310
Felucca,8,19,1088,2496,0,21995,1492,0,0,1492
Felucca,8,20,1088,2624,0,47780,710,0,0,710
Felucca,8,21,1088,2752,0,2345,956,1000,0,956
Felucca,8,22,1088,2880,0,200,36,2000,0,36
Felucca,8,23,1088,3008,0,200,60,2000,0,60
Felucca,8,24,1088,3136,0,200,1496,2000,0,1496
Felucca,8,25,1088,3264,0,200,54,2000,0,54
Felucca,8,26,1088,3392,210900,200,419,2000,0,419
Felucca,8,27,1088,3520,210900,200,708,2000,0,708
Felucca,8,28,1088,3648,210900,200,57,2000,0,57
Felucca,8,29,1088,3776,210900,0,0,4000,0,0
Felucca,8,30,1088,3904,210900,0,0,4000,0,0
Felucca,8,31,1088,4032,210900,0,0,4000,0,0
Felucca,9,11,1216,1472,210100,14595,750,0,0,750
Felucca,9,12,1216,1600,210100,0,559,0,0,559
Felucca,9,13,1216,1728,210100,8520,406,0,0,406
Felucca,9,14,1216,1856,210100,6885,319,0,0,319
Felucca,9,15,1216,1984,0,29800,1636,0,0,1636
Felucca,9,16,1216,2112,0,0,2688,0,0,2688
Felucca,9,17,1216,2240,0,430,586,0,0,586
Felucca,9,18,1216,2368,0,0,3008,0,0,3008
Felucca,9,19,1216,2496,0,1725,2756,0,0,2756
Felucca,9,20,1216,2624,0,50575,506,0,0,506
Felucca,9,21,1216,2752,0,1650,1072,1000,0,1072
Felucca,9,22,1216,2880,0,200,66,2000,0,66
Felucca,9,23,1216,3008,0,200,74,2000,0,74
Felucca,9,24,1216,3136,0,0,0,4000,0,0
Felucca,9,25,1216,3264,0,0,0,4000,0,0
Felucca,9,26,1216,3392,210900,200,143,2000,0,143
Felucca,9,27,1216,3520,210900,200,583,2000,0,583
Felucca,9,28,1216,3648,210900,200,125,2000,0,125
Felucca,9,29,1216,3776,210900,200,20,2000,0,20
Felucca,9,30,1216,3904,210900,0,0,4000,0,0
Felucca,9,31,1216,4032,210900,0,0,4000,0,0
Felucca,10,11,1344,1472,210100,285,571,0,0,571
Felucca,10,12,1344,1600,210100,0,113,0,0,113
Felucca,10,13,1344,1728,210100,200,199,0,0,199
Felucca,10,14,1344,1856,210100,0,591,0,0,591
Felucca,10,15,1344,1984,0,0,2728,0,0,2728
Felucca,10,16,1344,2112,0,200,2638,0,0,2638
Felucca,10,17,1344,2240,0,200,2410,0,0,2410
Felucca,10,18,1344,2368,0,200,2614,0,0,2614
Felucca,10,19,1344,2496,0,200,2484,0,0,2484
Felucca,10,20,1344,2624,0,44070,672,0,0,672
Felucca,10,21,1344,2752,0,26930,1116,1000,0,1116
Felucca,10,22,1344,2880,0,8345,1594,1000,0,1594
Felucca,10,23,1344,3008,0,200,3180,2000,0,3180
Felucca,10,24,1344,3136,0,200,3828,1000,0,3828
Felucca,10,25,1344,3264,0,0,0,4000,0,0
Felucca,10,26,1344,3392,210900,0,0,4000,0,0
Felucca,10,27,1344,3520,210900,0,0,4000,0,0
Felucca,10,28,1344,3648,210900,200,229,2000,0,229
Felucca,10,29,1344,3776,210900,200,113,1000,0,113
Felucca,10,30,1344,3904,210900,200,16,2000,0,16
Felucca,10,31,1344,4032,210900,200,33,2000,0,33
Felucca,11,11,1472,1472,210100,915,342,1000,0,342
Felucca,11,12,1472,1600,210100,200,31,0,0,31
Felucca,11,13,1472,1728,210100,200,27,1000,0,27
Felucca,11,14,1472,1856,210100,200,307,2000,0,307
Felucca,11,15,1472,1984,0,0,3006,0,0,3006
Felucca,11,16,1472,2112,0,200,2734,0,0,2734
Felucca,11,17,1472,2240,0,200,2922,0,0,2922
Felucca,11,18,1472,2368,0,0,2974,0,0,2974
Felucca,11,19,1472,2496,0,0,2432,0,0,2432
Felucca,11,20,1472,2624,0,2075,2696,0,0,2696
Felucca,11,21,1472,2752,0,53705,522,0,0,522
Felucca,11,22,1472,2880,0,59655,796,0,0,796
Felucca,11,23,1472,3008,0,19490,3998,0,0,3998
Felucca,11,24,1472,3136,0,0,5284,0,0,5284
Felucca,11,25,1472,3264,0,200,1784,2000,0,1784
Felucca,11,26,1472,3392,210900,0,0,4000,0,0
Felucca,11,27,1472,3520,210900,0,0,4000,0,0
Felucca,11,28,1472,3648,210900,200,144,2000,0,144
Felucca,11,29,1472,3776,210900,200,136,1000,0,136
Felucca,11,30,1472,3904,210900,200,70,2000,0,70
Felucca,11,31,1472,4032,210900,200,87,2000,0,87
Felucca,12,11,1600,1472,210100,200,325,1000,0,325
Felucca,12,12,1600,1600,210100,0,150,0,0,150
Felucca,12,13,1600,1728,210100,200,118,1000,0,118
Felucca,12,14,1600,1856,210100,200,91,2000,0,91
Felucca,12,16,1600,2112,0,200,1284,1000,0,1284
Felucca,12,17,1600,2240,0,0,2856,0,0,2856
Felucca,12,18,1600,2368,0,0,3038,0,0,3038
Felucca,12,19,1600,2496,230800,0,2542,0,0,2542
Felucca,12,20,1600,2624,0,0,2870,0,0,2870
Felucca,12,21,1600,2752,0,0,3132,0,0,3132
Felucca,12,22,1600,2880,0,5185,4564,0,0,4564
Felucca,12,23,1600,3008,0,4170,5330,0,0,5330
Felucca,12,24,1600,3136,0,2050,5574,0,0,5574
Felucca,12,25,1600,3264,0,13635,3196,1000,0,3196
Felucca,12,26,1600,3392,210900,200,554,2000,0,554
Felucca,12,27,1600,3520,210900,200,24,2000,0,24
Felucca,12,28,1600,3648,210900,0,0,4000,0,0
Felucca,12,29,1600,3776,210900,0,0,4000,0,0
Felucca,12,30,1600,3904,210900,0,0,4000,0,0
Felucca,12,31,1600,4032,210900,0,0,4000,0,0
Felucca,13,11,1728,1472,210100,0,774,0,0,774
Felucca,13,12,1728,1600,210100,695,117,2000,0,117
Felucca,13,13,1728,1728,210100,0,13,4000,0,13
Felucca,13,14,1728,1856,210100,0,0,4000,0,0
Felucca,13,16,1728,2112,0,200,52,2000,0,52
Felucca,13,17,1728,2240,0,200,1708,1000,0,1708
Felucca,13,18,1728,2368,0,0,2756,0,0,2756
Felucca,13,19,1728,2496,0,0,2660,0,0,2660
Felucca,13,20,1728,2624,0,200,2230,1000,0,2230
Felucca,13,21,1728,2752,0,0,2866,0,0,2866
Felucca,13,22,1728,2880,0,1685,4002,0,0,4002
Felucca,13,23,1728,3008,0,11865,4250,0,0,4250
Felucca,13,24,1728,3136,0,0,4822,0,0,4822
Felucca,13,25,1728,3264,0,0,5348,0,0,5348
Felucca,13,26,1728,3392,210900,200,1120,1000,0,1120
Felucca,13,27,1728,3520,210900,200,795,1000,0,795
Felucca,13,28,1728,3648,210900,0,0,4000,0,0
Felucca,13,29,1728,3776,210900,0,0,4000,0,0
Felucca,13,30,1728,3904,210900,0,0,4000,0,0
Felucca,13,31,1728,4032,210900,0,0,4000,0,0
Felucca,14,16,1856,2112,0,200,28,2000,0,28
Felucca,14,17,1856,2240,0,200,130,1000,0,130
Felucca,14,18,1856,2368,0,0,236,0,0,236
Felucca,14,19,1856,2496,0,200,96,1000,0,96
Felucca,14,20,1856,2624,0,255,362,1000,0,362
Felucca,14,21,1856,2752,210600,200,66,0,0,66
Felucca,14,22,1856,2880,210600,270,147,0,0,147
Felucca,14,23,1856,3008,0,300,700,1000,0,700
Felucca,14,24,1856,3136,0,0,3422,0,0,3422
Felucca,14,25,1856,3264,0,0,3970,0,0,3970
Felucca,14,26,1856,3392,210900,0,1824,0,0,1824
Felucca,14,27,1856,3520,210900,200,533,2000,0,533
Felucca,14,28,1856,3648,210900,0,0,4000,0,0
Felucca,14,29,1856,3776,210900,0,0,4000,0,0
Felucca,14,30,1856,3904,210900,0,0,4000,0,0
Felucca,14,31,1856,4032,210900,0,0,4000,0,0
Felucca,15,16,1984,2112,0,200,36,2000,0,36
Felucca,15,17,1984,2240,0,200,138,2000,0,138
Felucca,15,18,1984,2368,0,200,148,2000,0,148
Felucca,15,19,1984,2496,0,0,0,4000,0,0
Felucca,15,20,1984,2624,0,200,0,2000,0,0
Felucca,15,21,1984,2752,210600,660,78,1000,0,78
Felucca,15,22,1984,2880,210600,860,93,1000,0,93
Felucca,15,23,1984,3008,0,35,340,2000,0,340
Felucca,15,24,1984,3136,0,0,3382,0,0,3382
Felucca,15,25,1984,3264,0,0,6996,0,0,6996
Felucca,15,26,1984,3392,210900,200,1346,1000,0,1346
Felucca,15,27,1984,3520,210900,200,202,2000,0,202
Felucca,15,28,1984,3648,210900,0,0,4000,0,0
Felucca,15,29,1984,3776,210900,0,0,4000,0,0
Felucca,15,30,1984,3904,210900,0,0,4000,0,0
Felucca,15,31,1984,4032,210900,0,0,4000,0,0
Felucca,16,16,2112,2112,0,200,1306,1000,0,1306
Felucca,16,17,2112,2240,0,200,124,2000,0,124
Felucca,16,18,2112,2368,0,200,130,2000,0,130
Felucca,16,19,2112,2496,0,0,0,4000,0,0
Felucca,16,20,2112,2624,0,200,48,2000,0,48
Felucca,16,21,2112,2752,210600,200,12,2000,0,12
Felucca,16,22,2112,2880,210600,200,2,2000,0,2
Felucca,16,23,2112,3008,0,305,454,1000,0,454
Felucca,16,24,2112,3136,0,200,2226,1000,0,2226
Felucca,16,25,2112,3264,0,200,1604,2000,0,1604
Felucca,16,26,2112,3392,0,200,4726,1000,0,4726
Felucca,16,27,2112,3520,0,200,724,2000,0,724
Felucca,16,28,2112,3648,0,200,1302,2000,0,1302
Felucca,16,29,2112,3776,0,0,0,4000,0,0
Felucca,16,30,2112,3904,0,200,1040,2000,0,1040
Felucca,16,31,2112,4032,0,200,780,2000,0,780
Felucca,17,16,2240,2112,0,200,122,2000,0,122
Felucca,17,17,2240,2240,0,0,0,4000,0,0
Felucca,17,18,2240,2368,0,0,0,4000,0,0
Felucca,17,19,2240,2496,0,0,0,4000,0,0
Felucca,17,20,2240,2624,0,0,0,4000,0,0
Felucca,17,21,2240,2752,0,0,0,4000,0,0
Felucca,17,22,2240,2880,0,0,0,4000,0,0
Felucca,17,23,2240,3008,0,200,36,4000,0,36
Felucca,17,24,2240,3136,0,0,0,4000,0,0
Felucca,17,25,2240,3264,0,0,110,4000,0,110
Felucca,17,26,2240,3392,0,200,936,2000,0,936
Felucca,17,27,2240,3520,0,0,0,4000,0,0
Felucca,17,28,2240,3648,0,0,0,4000,0,0
Felucca,17,29,2240,3776,0,0,0,4000,0,0
Felucca,17,30,2240,3904,0,0,48,4000,0,48
Felucca,17,31,2240,4032,0,200,92,2000,0,92
Felucca,18,16,2368,2112,0,0,0,4000,0,0
Felucca,18,17,2368,2240,0,0,0,4000,0,0
Felucca,18,18,2368,2368,0,0,0,4000,0,0
Felucca,18,19,2368,2496,0,0,0,4000,0,0
Felucca,18,20,2368,2624,0,0,0,4000,0,0
Felucca,18,21,2368,2752,0,0,0,4000,0,0
Felucca,18,22,2368,2880,0,0,0,4000,0,0
Felucca,18,23,2368,3008,0,0,0,4000,0,0
Felucca,18,24,2368,3136,0,0,0,4000,0,0
Felucca,18,25,2368,3264,0,0,0,4000,0,0
Felucca,18,26,2368,3392,0,200,686,2000,0,686
Felucca,18,27,2368,3520,0,200,2602,2000,0,2602
Felucca,18,28,2368,3648,0,0,0,4000,0,0
Felucca,18,29,2368,3776,0,0,0,4000,0,0
Felucca,18,30,2368,3904,0,200,878,2000,0,878
Felucca,18,31,2368,4032,0,0,0,4000,0,0
Felucca,19,0,2496,64,210300,33790,12,1000,0,12
Felucca,19,1,2496,192,210300,2235,260,1000,0,260
Felucca,19,2,2496,320,210300,200,83,2000,0,83
Felucca,19,3,2496,448,210300,3505,270,0,0,270
Felucca,19,4,2496,576,210300,200,179,1000,0,179
Felucca,19,16,2496,2112,0,0,0,4000,0,0
Felucca,19,17,2496,2240,0,0,0,4000,0,0
Felucca,19,18,2496,2368,0,0,0,4000,0,0
Felucca,19,19,2496,2496,0,0,0,4000,0,0
Felucca,19,20,2496,2624,0,0,0,4000,0,0
Felucca,19,21,2496,2752,0,0,0,4000,0,0
Felucca,19,22,2496,2880,0,0,0,4000,0,0
Felucca,19,23,2496,3008,0,0,0,4000,0,0
Felucca,19,24,2496,3136,0,0,0,4000,0,0
Felucca,19,25,2496,3264,0,0,0,4000,0,0
Felucca,19,26,2496,3392,0,0,0,4000,0,0
Felucca,19,27,2496,3520,0,200,940,2000,0,940
Felucca,19,28,2496,3648,0,200,1888,2000,0,1888
Felucca,19,29,2496,3776,0,0,0,4000,0,0
Felucca,19,30,2496,3904,0,200,3092,2000,0,3092
Felucca,19,31,2496,4032,0,200,1786,2000,0,1786
Felucca,20,0,2624,64,210300,37825,13,1000,0,13
Felucca,20,1,2624,192,210300,13020,285,0,0,285
Felucca,20,2,2624,320,210300,200,210,1000,0,210
Felucca,20,3,2624,448,210300,20080,182,1000,0,182
Felucca,20,4,2624,576,210300,200,159,1000,0,159
Felucca,20,16,2624,2112,0,200,3258,1000,0,3258
Felucca,20,17,2624,2240,0,200,3230,1000,0,3230
Felucca,20,18,2624,2368,0,200,664,2000,0,664
Felucca,20,19,2624,2496,0,0,0,4000,0,0
Felucca,20,20,2624,2624,0,0,0,4000,0,0
Felucca,20,21,2624,2752,0,0,0,4000,0,0
Felucca,20,22,2624,2880,0,0,0,4000,0,0
Felucca,20,23,2624,3008,0,0,0,4000,0,0
Felucca,20,24,2624,3136,0,0,0,4000,0,0
Felucca,20,25,2624,3264,0,0,0,4000,0,0
Felucca,20,26,2624,3392,0,0,0,4000,0,0
Felucca,20,27,2624,3520,0,0,0,4000,0,0
Felucca,20,28,2624,3648,0,0,0,4000,0,0
Felucca,20,29,2624,3776,0,0,0,4000,0,0
Felucca,20,30,2624,3904,0,0,0,4000,0,0
Felucca,20,31,2624,4032,0,0,0,4000,0,0
Felucca,21,5,2752,704,210700,0,812,0,0,812
Felucca,21,6,2752,832,210700,200,612,1000,0,612
Felucca,21,7,2752,960,210700,200,435,1000,0,435
Felucca,21,16,2752,2112,0,200,2118,1000,0,2118
Felucca,21,17,2752,2240,0,480,3598,1000,0,3598
Felucca,21,18,2752,2368,0,200,1568,2000,0,1568
Felucca,21,19,2752,2496,0,0,0,4000,0,0
Felucca,21,20,2752,2624,0,0,0,4000,0,0
Felucca,21,21,2752,2752,0,0,0,4000,0,0
Felucca,21,22,2752,2880,0,0,0,4000,0,0
Felucca,21,23,2752,3008,0,0,0,4000,0,0
Felucca,21,24,2752,3136,0,0,0,4000,0,0
Felucca,21,25,2752,3264,0,0,0,4000,0,0
Felucca,21,26,2752,3392,0,0,272,4000,0,272
Felucca,21,27,2752,3520,0,200,1868,2000,0,1868
Felucca,21,28,2752,3648,0,0,0,4000,0,0
Felucca,21,29,2752,3776,0,0,0,4000,0,0
Felucca,21,30,2752,3904,0,0,0,4000,0,0
Felucca,21,31,2752,4032,0,0,0,4000,0,0
Felucca,22,5,2880,704,210700,200,94,1000,0,94
Felucca,22,6,2880,832,210700,205,64,1000,0,64
Felucca,22,7,2880,960,210700,200,25,1000,0,25
Felucca,22,16,2880,2112,0,200,430,2000,0,430
Felucca,22,17,2880,2240,0,200,1320,2000,0,1320
Felucca,22,18,2880,2368,0,0,132,4000,0,132
Felucca,22,19,2880,2496,0,0,0,4000,0,0
Felucca,22,20,2880,2624,0,0,0,4000,0,0
Felucca,22,21,2880,2752,0,0,0,4000,0,0
Felucca,22,22,2880,2880,0,0,0,4000,0,0
Felucca,22,23,2880,3008,0,0,0,4000,0,0
Felucca,22,24,2880,3136,0,0,0,4000,0,0
Felucca,22,25,2880,3264,0,0,0,4000,0,0
Felucca,22,26,2880,3392,211100,2890,124,2000,0,124
Felucca,22,27,2880,3520,0,200,2374,1000,0,2374
Felucca,22,28,2880,3648,0,0,0,4000,0,0
Felucca,22,29,2880,3776,0,0,0,4000,0,0
Felucca,22,30,2880,3904,0,0,0,4000,0,0
Felucca,22,31,2880,4032,0,0,0,4000,0,0
Felucca,23,5,3008,704,210700,200,243,1000,0,243
Felucca,23,6,3008,832,210700,200,19,2000,0,19
Felucca,23,7,3008,960,210700,200,3,2000,0,3
Felucca,23,26,3008,3392,211100,4125,78,0,0,78
Felucca,23,27,3008,3520,0,1345,818,1000,0,818
Felucca,23,28,3008,3648,0,200,1266,2000,0,1266
Felucca,23,29,3008,3776,0,0,0,4000,0,0
Felucca,23,30,3008,3904,0,0,0,4000,0,0
Felucca,23,31,3008,4032,0,0,0,4000,0,0
Felucca,24,27,3136,3520,0,0,0,2000,0,0
Felucca,24,28,3136,3648,0,0,2,4000,0,2
Felucca,24,29,3136,3776,0,0,0,4000,0,0
Felucca,24,30,3136,3904,0,0,0,4000,0,0
Felucca,24,31,3136,4032,0,0,0,4000,0,0
Felucca,25,27,3264,3520,0,0,0,4000,0,0
Felucca,25,28,3264,3648,0,0,0,4000,0,0
Felucca,25,29,3264,3776,0,0,0,4000,0,0
Felucca,25,30,3264,3904,0,0,0,4000,0,0
Felucca,25,31,3264,4032,0,0,0,4000,0,0
Felucca,26,27,3392,3520,0,0,0,4000,0,0
Felucca,26,28,3392,3648,0,0,0,4000,0,0
Felucca,26,29,3392,3776,0,0,0,4000,0,0
Felucca,26,30,3392,3904,0,0,0,4000,0,0
Felucca,26,31,3392,4032,0,0,0,4000,0,0
Felucca,27,27,3520,3520,0,0,0,4000,0,0
Felucca,27,28,3520,3648,0,0,0,4000,0,0
Felucca,27,29,3520,3776,0,0,0,4000,0,0
Felucca,27,30,3520,3904,0,0,0,4000,0,0
Felucca,27,31,3520,4032,0,0,0,4000,0,0
Felucca,28,16,3648,2112,210200,200,251,1000,0,251
Felucca,28,17,3648,2240,210200,1215,3,2000,0,3
Felucca,28,19,3648,2496,211000,0,287,0,0,287
Felucca,28,20,3648,2624,211000,200,156,1000,0,156
Felucca,28,27,3648,3520,0,0,0,4000,0,0
Felucca,28,28,3648,3648,0,0,0,4000,0,0
Felucca,28,29,3648,3776,0,0,0,4000,0,0
Felucca,28,30,3648,3904,0,0,0,4000,0,0
Felucca,28,31,3648,4032,0,0,0,4000,0,0
Felucca,29,16,3776,2112,210200,200,10,2000,0,10
Felucca,29,17,3776,2240,210200,200,32,2000,0,32
Felucca,29,27,3776,3520,0,0,0,4000,0,0
Felucca,29,28,3776,3648,0,0,0,4000,0,0
Felucca,29,29,3776,3776,0,0,0,4000,0,0
Felucca,29,30,3776,3904,0,0,0,4000,0,0
Felucca,29,31,3776,4032,0,0,0,4000,0,0
Felucca,30,27,3904,3520,0,0,0,4000,0,0
Felucca,30,28,3904,3648,0,0,0,4000,0,0
Felucca,30,29,3904,3776,0,0,0,4000,0,0
Felucca,30,30,3904,3904,0,0,0,4000,0,0
Felucca,30,31,3904,4032,0,0,0,4000,0,0
Felucca,31,27,4032,3520,0,0,0,4000,0,0
Felucca,31,28,4032,3648,0,0,0,4000,0,0
Felucca,31,29,4032,3776,0,0,0,4000,0,0
Felucca,31,30,4032,3904,0,0,0,4000,0,0
Felucca,31,31,4032,4032,0,0,0,4000,0,0
Felucca,32,27,4160,3520,0,0,0,4000,0,0
Felucca,32,28,4160,3648,0,200,1402,2000,0,1402
Felucca,32,29,4160,3776,0,200,980,2000,0,980
Felucca,32,30,4160,3904,0,0,0,4000,0,0
Felucca,32,31,4160,4032,0,0,0,4000,0,0
Felucca,33,7,4288,960,210400,200,156,1000,0,156
Felucca,33,8,4288,1088,210400,200,376,1000,0,376
Felucca,33,9,4288,1216,210400,200,75,2000,0,75
Felucca,33,10,4288,1344,210400,0,0,4000,0,0
Felucca,33,11,4288,1472,210400,0,0,4000,0,0
Felucca,33,27,4288,3520,0,0,0,4000,0,0
Felucca,33,28,4288,3648,0,6305,1560,2000,0,1560
Felucca,33,29,4288,3776,0,18405,1606,2000,0,1606
Felucca,33,30,4288,3904,0,0,0,4000,0,0
Felucca,33,31,4288,4032,0,0,0,4000,0,0
Felucca,34,7,4416,960,210400,200,141,2000,0,141
Felucca,34,8,4416,1088,210400,200,159,0,0,159
Felucca,34,9,4416,1216,210400,200,365,1000,0,365
Felucca,34,10,4416,1344,210400,200,277,2000,0,277
Felucca,34,11,4416,1472,210400,200,145,2000,0,145
Felucca,34,27,4416,3520,0,200,1440,2000,0,1440
Felucca,34,28,4416,3648,0,200,3176,2000,0,3176
Felucca,34,29,4416,3776,0,1840,3676,2000,0,3676
Felucca,34,30,4416,3904,0,200,988,2000,0,988
Felucca,34,31,4416,4032,0,200,0,4000,0,0
Felucca,35,7,4544,960,210400,200,375,1000,0,375
Felucca,35,8,4544,1088,210400,200,324,1000,0,324
Felucca,35,9,4544,1216,210400,200,418,1000,0,418
Felucca,35,10,4544,1344,210400,1450,531,0,0,531
Felucca,35,11,4544,1472,210400,260,422,1000,0,422
Felucca,35,27,4544,3520,0,470,4562,1000,0,4562
Felucca,35,28,4544,3648,0,520,4746,1000,0,4746
Felucca,35,29,4544,3776,0,13405,2298,1000,0,2298
Felucca,35,30,4544,3904,0,3150,3488,1000,0,3488
Felucca,35,31,4544,4032,0,200,48,4000,0,48
Felucca,36,7,4672,960,210400,0,0,4000,0,0
Felucca,36,8,4672,1088,210400,200,134,2000,0,134
Felucca,36,9,4672,1216,210400,200,255,1000,0,255
Felucca,36,10,4672,1344,210400,200,126,2000,0,126
Felucca,36,11,4672,1472,210400,200,127,2000,0,127
Felucca,36,27,4672,3520,0,1545,4432,0,0,4432
Felucca,36,28,4672,3648,0,1660,5042,0,0,5042
Felucca,36,29,4672,3776,0,44055,1600,0,0,1600
Felucca,36,30,4672,3904,0,200,1482,2000,0,1482
Felucca,36,31,4672,4032,0,0,0,4000,0,0
Felucca,37,27,4800,3520,0,11430,944,2000,0,944
Felucca,37,28,4800,3648,0,45625,942,1000,0,942
Felucca,37,29,4800,3776,0,17400,888,2000,0,888
Felucca,37,30,4800,3904,0,0,116,2000,0,116
Felucca,37,31,4800,4032,0,0,0,4000,0,0
Felucca,38,27,4928,3520,0,0,0,4000,0,0
Felucca,38,28,4928,3648,0,0,0,4000,0,0
Felucca,38,29,4928,3776,0,0,0,4000,0,0
Felucca,38,30,4928,3904,0,0,0,4000,0,0
Felucca,38,31,4928,4032,0,0,0,4000,0,0
Felucca,39,27,5056,3520,0,0,0,4000,0,0
Felucca,39,28,5056,3648,0,0,0,4000,0,0
Felucca,39,29,5056,3776,0,0,0,4000,0,0
Felucca,39,30,5056,3904,0,0,0,4000,0,0
Felucca,39,31,5056,4032,0,0,0,4000,0,0
Felucca,40,0,5184,64,211200,38815,31,0,0,31
Felucca,40,1,5184,192,211200,36735,0,0,0,0
Felucca,40,27,5184,3520,0,31045,596,0,0,596
Felucca,40,28,5184,3648,0,29390,1842,0,0,1842
Felucca,40,29,5184,3776,0,17570,1308,1000,0,1308
Felucca,40,30,5184,3904,0,28845,1124,0,0,1124
Felucca,40,31,5184,4032,211300,27405,424,1000,0,424
Felucca,41,0,5312,64,211200,37660,25,0,0,25
Felucca,41,27,5312,3520,0,3895,962,0,0,962
Felucca,41,28,5312,3648,0,3980,1260,0,0,1260
Felucca,41,29,5312,3776,0,1050,2002,0,0,2002
Felucca,41,30,5312,3904,0,6050,1486,0,0,1486
Felucca,41,31,5312,4032,211300,18315,192,0,0,192
Felucca,42,27,5440,3520,0,8590,3886,0,0,3886
Felucca,42,28,5440,3648,0,0,5182,0,0,5182
Felucca,42,29,5440,3776,0,0,5164,0,0,5164
Felucca,42,30,5440,3904,0,3460,3384,0,0,3384
Felucca,42,31,5440,4032,0,16170,2408,0,0,2408
Felucca,43,27,5568,3520,0,11975,4862,0,0,4862
Felucca,43,28,5568,3648,0,0,4920,0,0,4920
Felucca,43,29,5568,3776,0,0,5698,0,0,5698
Felucca,43,30,5568,3904,0,1665,3810,0,0,3810
Felucca,43,31,5568,4032,0,13010,4022,0,0,4022
Felucca,44,24,5696,3136,211400,0,566,0,0,566
Felucca,44,25,5696,3264,211400,0,693,0,0,693
Felucca,44,27,5696,3520,0,2615,4472,0,0,4472
Felucca,44,28,5696,3648,0,2345,2640,0,0,2640
Felucca,44,29,5696,3776,0,3295,3128,0,0,3128
Felucca,44,30,5696,3904,0,40,2844,0,0,2844
Felucca,44,31,5696,4032,0,8070,2418,0,0,2418
Felucca,45,24,5824,3136,211400,0,116,2000,0,116
Felucca,45,25,5824,3264,211400,0,442,1000,0,442
Felucca,45,27,5824,3520,0,770,3732,0,0,3732
Felucca,45,28,5824,3648,0,1850,2506,0,0,2506
Felucca,45,29,5824,3776,0,3720,1802,0,0,1802
Felucca,45,30,5824,3904,0,6170,1348,0,0,1348
Felucca,45,31,5824,4032,0,11125,1626,0,0,1626
Felucca,46,27,5952,3520,0,0,2196,0,0,2196
Felucca,46,28,5952,3648,0,2730,2456,0,0,2456
Felucca,46,29,5952,3776,0,1200,1190,0,0,1190
Felucca,46,30,5952,3904,0,3950,1806,0,0,1806
Felucca,46,31,5952,4032,0,13170,2056,0,0,2056
Felucca,47,27,6080,3520,0,22085,1534,0,0,1534
Felucca,47,28,6080,3648,0,26195,1158,0,0,1158
Felucca,47,29,6080,3776,0,28415,676,0,0,676
Felucca,47,30,6080,3904,0,18370,904,0,0,904
Felucca,47,31,6080,4032,0,21190,732,0,0,732
Felucca,54,2,6976,320,0,0,696,0,0,696
Felucca,54,3,6976,448,0,0,560,0,0,560
Felucca,54,5,6976,704,0,8240,0,0,0,0
Felucca,54,7,6976,960,0,16495,92,0,0,92
Felucca,54,8,6976,1088,0,26040,76,0,0,76
Felucca,54,11,6976,1472,0,0,0,4000,0,0
Felucca,54,12,6976,1600,0,0,0,4000,0,0
Felucca,54,14,6976,1856,0,200,804,1000,0,804
Felucca,55,2,7104,320,0,0,622,0,0,622
Felucca,55,3,7104,448,0,0,618,0,0,618
Felucca,55,8,7104,1088,0,20680,22,0,0,22
Felucca,55,11,7104,1472,0,0,0,2000,0,0
Felucca,55,12,7104,1600,0,0,0,2000,0,0
Felucca,55,14,7104,1856,0,200,972,1000,0,972
Trammel,0,0,64,64,0,0,0,4000,0,0
Trammel,0,1,64,192,0,0,0,4000,0,0
Trammel,0,2,64,320,0,0,0,4000,0,0
Trammel,0,3,64,448,0,0,0,4000,0,0
Trammel,0,4,64,576,0,0,0,4000,0,0
Trammel,0,5,64,704,0,0,0,4000,0,0
Trammel,0,6,64,832,0,0,0,4000,0,0
Trammel,0,7,64,960,0,0,0,4000,0,0
Trammel,0,8,64,1088,0,0,0,4000,0,0
Trammel,0,9,64,1216,0,0,0,4000,0,0
Trammel,0,10,64,1344,0,0,44,4000,0,44
Trammel,0,11,64,1472,0,200,36,4000,0,36
Trammel,0,12,64,1600,0,0,0,4000,0,0
Trammel,0,13,64,1728,0,0,0,4000,0,0
Trammel,0,14,64,1856,0,0,0,4000,0,0
Trammel,0,15,64,1984,0,0,0,4000,0,0
Trammel,0,16,64,2112,0,0,0,4000,0,0
Trammel,0,17,64,2240,0,0,0,4000,0,0
Trammel,0,18,64,2368,0,0,0,4000,0,0
Trammel,0,19,64,2496,0,0,0,4000,0,0
Trammel,0,20,64,2624,0,0,0,4000,0,0
Trammel,0,21,64,2752,0,0,0,4000,0,0
Trammel,0,22,64,2880,0,0,0,4000,0,0
Trammel,0,23,64,3008,0,0,0,4000,0,0
Trammel,0,24,64,3136,0,0,0,4000,0,0
Trammel,0,25,64,3264,0,0,0,4000,0,0
Trammel,0,26,64,3392,0,0,0,4000,0,0
Trammel,0,27,64,3520,0,0,0,4000,0,0
Trammel,0,28,64,3648,0,0,0,4000,0,0
Trammel,0,29,64,3776,0,0,0,4000,0,0
Trammel,0,30,64,3904,0,0,0,4000,0,0
Trammel,0,31,64,4032,0,0,0,4000,0,0
Trammel,1,0,192,64,0,0,0,4000,0,0
Trammel,1,1,192,192,0,0,0,4000,0,0
Trammel,1,2,192,320,0,0,0,4000,0,0
Trammel,1,3,192,448,0,0,0,4000,0,0
Trammel,1,4,192,576,0,0,0,4000,0,0
Trammel,1,5,192,704,111500,200,37,2000,0,37
Trammel,1,6,192,832,111500,200,47,2000,0,47
Trammel,1,7,192,960,111500,0,2,4000,0,2
Trammel,1,8,192,1088,111500,0,3,4000,0,3
Trammel,1,9,192,1216,111500,0,0,4000,0,0
Trammel,1,10,192,1344,0,200,1552,2000,0,1552
Trammel,1,11,192,1472,0,200,1834,1000,0,1834
Trammel,1,12,192,1600,0,0,0,4000,0,0
Trammel,1,13,192,1728,0,0,0,4000,0,0
Trammel,1,14,192,1856,0,0,0,4000,0,0
Trammel,1,15,192,1984,0,0,0,4000,0,0
Trammel,1,16,192,2112,0,0,0,4000,0,0
Trammel,1,17,192,2240,0,0,0,4000,0,0
Trammel,1,18,192,2368,0,0,0,4000,0,0
Trammel,1,19,192,2496,0,0,0,4000,0,0
Trammel,1,20,192,2624,0,0,0,4000,0,0
Trammel,1,21,192,2752,0,0,0,4000,0,0
Trammel,1,22,192,2880,0,0,0,4000,0,0
Trammel,1,23,192,3008,0,0,0,4000,0,0
Trammel,1,24,192,3136,0,0,0,4000,0,0
Trammel,1,25,192,3264,0,0,0,4000,0,0
Trammel,1,26,192,3392,0,0,0,4000,0,0
Trammel,1,27,192,3520,0,0,0,4000,0,0
Trammel,1,28,192,3648,0,0,0,4000,0,0
Trammel,1,29,192,3776,0,0,0,4000,0,0
Trammel,1,30,192,3904,0,0,0,4000,0,0
Trammel,1,31,192,4032,0,0,0,4000,0,0
Trammel,2,0,320,64,0,0,0,4000,0,0
Trammel,2,1,320,192,0,0,0,4000,0,0
Trammel,2,2,320,320,0,0,0,4000,0,0
Trammel,2,3,320,448,0,0,0,4000,0,0
Trammel,2,4,320,576,0,0,0,4000,0,0
Trammel,2,5,320,704,111500,200,47,2000,0,47
Trammel,2,6,320,832,111500,200,123,1000,0,123
Trammel,2,7,320,960,111500,200,210,1000,0,210
Trammel,2,8,320,1088,111500,200,193,2000,0,193
Trammel,2,9,320,1216,111500,200,246,2000,0,246
Trammel,2,10,320,1344,0,21575,1504,1000,0,1504
Trammel,2,11,320,1472,0,47855,618,1000,0,618
Trammel,2,12,320,1600,0,1560,452,2000,0,452
Trammel,2,13,320,1728,0,0,0,4000,0,0
Trammel,2,14,320,1856,0,0,0,4000,0,0
Trammel,2,15,320,1984,0,0,0,4000,0,0
Trammel,2,16,320,2112,0,0,0,4000,0,0
Trammel,2,17,320,2240,0,0,0,4000,0,0
Trammel,2,18,320,2368,0,0,0,4000,0,0
Trammel,2,19,320,2496,0,0,0,4000,0,0
Trammel,2,20,320,2624,0,0,0,4000,0,0
Trammel,2,21,320,2752,0,0,0,4000,0,0
Trammel,2,22,320,2880,0,0,0,4000,0,0
Trammel,2,23,320,3008,0,0,0,4000,0,0
Trammel,2,24,320,3136,0,0,0,4000,0,0
Trammel,2,25,320,3264,0,0,0,4000,0,0
Trammel,2,26,320,3392,0,0,0,4000,0,0
Trammel,2,27,320,3520,0,0,0,4000,0,0
Trammel,2,28,320,3648,0,0,0,4000,0,0
Trammel,2,29,320,3776,0,0,0,4000,0,0
Trammel,2,30,320,3904,0,0,0,4000,0,0
Trammel,2,31,320,4032,0,0,0,4000,0,0
Trammel,3,0,448,64,0,0,0,4000,0,0
Trammel,3,1,448,192,0,0,0,4000,0,0
Trammel,3,2,448,320,0,0,0,4000,0,0
Trammel,3,3,448,448,0,0,0,4000,0,0
Trammel,3,4,448,576,0,0,0,4000,0,0
Trammel,3,5,448,704,111500,0,0,4000,0,0
Trammel,3,6,448,832,111500,200,167,2000,0,167
Trammel,3,7,448,960,111500,0,369,1000,0,369
Trammel,3,8,448,1088,111502,200,345,2000,0,345
Trammel,3,9,448,1216,111500,200,382,1000,0,382
Trammel,3,10,448,1344,0,6670,2160,1000,0,2160
Trammel,3,11,448,1472,0,68685,308,0,0,308
Trammel,3,12,448,1600,0,22010,2166,0,0,2166
Trammel,3,13,448,1728,0,200,822,2000,0,822
Trammel,3,14,448,1856,0,0,0,4000,0,0
Trammel,3,15,448,1984,0,1335,124,2000,0,124
Trammel,3,16,448,2112,0,200,384,2000,0,384
Trammel,3,17,448,2240,0,0,0,4000,0,0
Trammel,3,18,448,2368,0,0,0,4000,0,0
Trammel,3,19,448,2496,0,0,0,4000,0,0
Trammel,3,20,448,2624,0,0,0,4000,0,0
Trammel,3,21,448,2752,0,0,0,4000,0,0
Trammel,3,22,448,2880,0,0,0,4000,0,0
Trammel,3,23,448,3008,0,0,0,4000,0,0
Trammel,3,24,448,3136,0,0,0,4000,0,0
Trammel,3,25,448,3264,0,0,0,4000,0,0
Trammel,3,26,448,3392,0,0,0,4000,0,0
Trammel,3,27,448,3520,0,0,0,4000,0,0
Trammel,3,28,448,3648,0,0,0,4000,0,0
Trammel,3,29,448,3776,0,0,0,4000,0,0
Trammel,3,30,448,3904,0,0,0,4000,0,0
Trammel,3,31,448,4032,0,0,0,4000,0,0
Trammel,4,0,576,64,0,0,0,4000,0,0
Trammel,4,1,576,192,0,0,0,4000,0,0
Trammel,4,2,576,320,0,0,0,4000,0,0
Trammel,4,3,576,448,0,0,0,4000,0,0
Trammel,4,4,576,576,0,0,0,4000,0,0
Trammel,4,5,576,704,111500,200,2,4000,0,2
Trammel,4,6,576,832,111500,200,120,1000,0,120
Trammel,4,7,576,960,111500,0,297,0,0,297
Trammel,4,8,576,1088,111502,0,742,0,0,742
Trammel,4,9,576,1216,111501,0,826,0,0,826
Trammel,4,10,576,1344,0,200,2472,1000,0,2472
Trammel,4,11,576,1472,0,22595,2218,0,0,2218
Trammel,4,12,576,1600,0,53570,928,0,0,928
Trammel,4,13,576,1728,0,200,1408,2000,0,1408
Trammel,4,14,576,1856,0,0,0,4000,0,0
Trammel,4,15,576,1984,0,20,0,4000,0,0
Trammel,4,16,576,2112,111105,675,289,1000,0,289
Trammel,4,17,576,2240,111100,200,117,1000,0,117
Trammel,4,18,576,2368,0,0,0,4000,0,0
Trammel,4,19,576,2496,0,0,0,4000,0,0
Trammel,4,20,576,2624,0,0,0,4000,0,0
Trammel,4,21,576,2752,0,0,0,4000,0,0
Trammel,4,22,576,2880,0,0,0,4000,0,0
Trammel,4,23,576,3008,0,0,0,4000,0,0
Trammel,4,24,576,3136,0,0,0,4000,0,0
Trammel,4,25,576,3264,0,0,0,4000,0,0
Trammel,4,26,576,3392,0,0,0,4000,0,0
Trammel,4,27,576,3520,0,0,0,4000,0,0
Trammel,4,28,576,3648,0,0,0,4000,0,0
Trammel,4,29,576,3776,0,0,0,4000,0,0
Trammel,4,30,576,3904,0,0,0,4000,0,0
Trammel,4,31,576,4032,0,0,0,4000,0,0
Trammel,5,0,704,64,0,0,0,4000,0,0
Trammel,5,1,704,192,0,0,0,4000,0,0
Trammel,5,2,704,320,0,0,0,4000,0,0
Trammel,5,3,704,448,0,0,0,4000,0,0
Trammel,5,4,704,576,0,200,168,2000,0,168
Trammel,5,5,704,704,111500,200,244,1000,0,244
Trammel,5,6,704,832,111504,0,296,0,0,296
Trammel,5,7,704,960,111500,0,292,0,0,292
Trammel,5,8,704,1088,111500,0,741,0,0,741
Trammel,5,9,704,1216,111500,0,861,0,0,861
Trammel,5,10,704,1344,0,0,2468,0,0,2468
Trammel,5,11,704,1472,0,160,2880,0,0,2880
Trammel,5,12,704,1600,0,65075,592,0,0,592
Trammel,5,13,704,1728,0,12795,1138,2000,0,1138
Trammel,5,14,704,1856,0,200,1038,1000,0,1038
Trammel,5,15,704,1984,0,200,494,2000,0,494
Trammel,5,16,704,2112,0,200,1148,1000,0,1148
Trammel,5,17,704,2240,0,200,660,2000,0,660
Trammel,5,18,704,2368,0,200,150,2000,0,150
Trammel,5,19,704,2496,0,0,0,4000,0,0
Trammel,5,20,704,2624,0,0,0,4000,0,0
Trammel,5,21,704,2752,0,0,0,4000,0,0
Trammel,5,22,704,2880,0,0,0,4000,0,0
Trammel,5,23,704,3008,0,0,0,4000,0,0
Trammel,5,24,704,3136,0,0,0,4000,0,0
Trammel,5,25,704,3264,0,0,0,4000,0,0
Trammel,5,26,704,3392,110400,0,0,4000,0,0
Trammel,5,27,704,3520,110400,0,0,4000,0,0
Trammel,5,28,704,3648,110400,0,0,4000,0,0
Trammel,5,29,704,3776,110400,0,0,4000,0,0
Trammel,5,30,704,3904,110400,0,0,4000,0,0
Trammel,5,31,704,4032,110400,0,0,4000,0,0
Trammel,6,13,832,1728,0,4495,2566,1000,0,2566
Trammel,6,14,832,1856,0,0,1628,0,0,1628
Trammel,6,15,832,1984,0,200,1040,1000,0,1040
Trammel,6,16,832,2112,0,200,1392,1000,0,1392
Trammel,6,17,832,2240,0,0,1396,0,0,1396
Trammel,6,18,832,2368,111104,200,242,1000,0,242
Trammel,6,19,832,2496,0,200,56,2000,0,56
Trammel,6,20,832,2624,0,0,0,4000,0,0
Trammel,6,21,832,2752,0,0,0,4000,0,0
Trammel,6,22,832,2880,0,0,0,4000,0,0
Trammel,6,23,832,3008,0,0,0,4000,0,0
Trammel,6,24,832,3136,0,0,0,4000,0,0
Trammel,6,25,832,3264,0,0,0,4000,0,0
Trammel,6,26,832,3392,110400,0,0,4000,0,0
Trammel,6,27,832,3520,110400,0,0,4000,0,0
Trammel,6,28,832,3648,110400,0,0,4000,0,0
Trammel,6,29,832,3776,110400,0,0,4000,0,0
Trammel,6,30,832,3904,110400,0,0,4000,0,0
Trammel,6,31,832,4032,110400,0,0,4000,0,0
Trammel,7,13,960,1728,0,0,2890,0,0,2890
Trammel,7,14,960,1856,0,0,1964,0,0,1964
Trammel,7,15,960,1984,0,0,2260,0,0,2260
Trammel,7,16,960,2112,0,0,2026,0,0,2026
Trammel,7,17,960,2240,0,0,2332,0,0,2332
Trammel,7,18,960,2368,0,0,1694,0,0,1694
Trammel,7,19,960,2496,0,0,2258,1000,0,2258
Trammel,7,20,960,2624,0,200,1596,1000,0,1596
Trammel,7,21,960,2752,0,0,276,2000,0,276
Trammel,7,22,960,2880,0,0,0,4000,0,0
Trammel,7,23,960,3008,0,0,0,4000,0,0
Trammel,7,24,960,3136,0,0,0,4000,0,0
Trammel,7,25,960,3264,0,0,0,4000,0,0
Trammel,7,26,960,3392,110400,0,0,4000,0,0
Trammel,7,27,960,3520,110400,0,0,4000,0,0
Trammel,7,28,960,3648,110400,0,0,4000,0,0
Trammel,7,29,960,3776,110400,0,0,4000,0,0
Trammel,7,30,960,3904,110400,0,0,4000,0,0
Trammel,7,31,960,4032,110400,0,0,4000,0,0
Trammel,8,13,1088,1728,0,52505,932,0,0,932
Trammel,8,14,1088,1856,0,51615,730,0,0,730
Trammel,8,15,1088,1984,0,26605,1862,0,0,1862
Trammel,8,16,1088,2112,0,0,2926,0,0,2926
Trammel,8,17,1088,2240,0,610,300,0,0,300
Trammel,8,18,1088,2368,0,0,3310,0,0,3310
Trammel,8,19,1088,2496,0,21995,1492,0,0,1492
Trammel,8,20,1088,2624,0,56540,710,0,0,710
Trammel,8,21,1088,2752,0,2345,956,1000,0,956
Trammel,8,22,1088,2880,0,200,36,2000,0,36
Trammel,8,23,1088,3008,0,200,60,2000,0,60
Trammel,8,24,1088,3136,0,200,1496,2000,0,1496
Trammel,8,25,1088,3264,0,200,54,2000,0,54
Trammel,8,26,1088,3392,110405,200,419,2000,0,419
Trammel,8,27,1088,3520,110405,200,708,2000,0,708
Trammel,8,28,1088,3648,110405,200,57,2000,0,57
Trammel,8,29,1088,3776,110400,0,0,4000,0,0
Trammel,8,30,1088,3904,110400,0,0,4000,0,0
Trammel,8,31,1088,4032,110400,0,0,4000,0,0
Trammel,9,11,1216,1472,110100,14595,750,0,0,750
Trammel,9,12,1216,1600,110107,0,1866,0,1000,1866
Trammel,9,13,1216,1728,110107,8520,1354,0,1000,1354
Trammel,9,14,1216,1856,110107,6885,1064,0,1000,1064
Trammel,9,15,1216,1984,110107,29800,1636,0,1000,1636
Trammel,9,16,1216,2112,0,0,2688,0,0,2688
Trammel,9,17,1216,2240,0,430,586,0,0,586
Trammel,9,18,1216,2368,0,0,3008,0,0,3008
Trammel,9,19,1216,2496,0,1725,2756,0,0,2756
Trammel,9,20,1216,2624,0,54710,504,0,0,504
Trammel,9,21,1216,2752,0,1650,1072,1000,0,1072
Trammel,9,22,1216,2880,0,200,66,2000,0,66
Trammel,9,23,1216,3008,0,200,74,2000,0,74
Trammel,9,24,1216,3136,0,0,0,4000,0,0
Trammel,9,25,1216,3264,0,0,0,4000,0,0
Trammel,9,26,1216,3392,110405,200,143,2000,0,143
Trammel,9,27,1216,3520,110405,200,583,2000,0,583
Trammel,9,28,1216,3648,110405,200,125,2000,0,125
Trammel,9,29,1216,3776,110400,200,20,2000,0,20
Trammel,9,30,1216,3904,110400,0,0,4000,0,0
Trammel,9,31,1216,4032,110400,0,0,4000,0,0
Trammel,10,11,1344,1472,110105,285,571,0,0,571
Trammel,10,12,1344,1600,110103,0,113,0,0,113
Trammel,10,13,1344,1728,110100,200,199,0,0,199
Trammel,10,14,1344,1856,110100,0,591,0,0,591
Trammel,10,15,1344,1984,0,0,2728,0,0,2728
Trammel,10,16,1344,2112,0,200,2638,0,0,2638
Trammel,10,17,1344,2240,0,200,2410,0,0,2410
Trammel,10,18,1344,2368,130800,200,2614,0,0,2614
Trammel,10,19,1344,2496,130800,200,2484,0,0,2484
Trammel,10,20,1344,2624,0,44070,672,0,0,672
Trammel,10,21,1344,2752,0,26915,1116,1000,0,1116
Trammel,10,22,1344,2880,0,8345,1594,1000,0,1594
Trammel,10,23,1344,3008,0,200,3180,2000,0,3180
Trammel,10,24,1344,3136,0,200,3828,1000,0,3828
Trammel,10,25,1344,3264,0,0,0,4000,0,0
Trammel,10,26,1344,3392,110400,0,0,4000,0,0
Trammel,10,27,1344,3520,110400,0,0,4000,0,0
Trammel,10,28,1344,3648,110404,200,229,2000,0,229
Trammel,10,29,1344,3776,110404,200,113,1000,0,113
Trammel,10,30,1344,3904,110404,200,16,2000,0,16
Trammel,10,31,1344,4032,110404,200,33,2000,0,33
Trammel,11,11,1472,1472,110101,915,342,1000,0,342
Trammel,11,12,1472,1600,110106,200,31,0,0,31
Trammel,11,13,1472,1728,110106,200,34,1000,0,34
Trammel,11,14,1472,1856,110100,200,307,2000,0,307
Trammel,11,15,1472,1984,0,0,3006,0,0,3006
Trammel,11,16,1472,2112,0,200,2734,0,0,2734
Trammel,11,17,1472,2240,0,200,2922,0,0,2922
Trammel,11,18,1472,2368,130800,0,2974,0,0,2974
Trammel,11,19,1472,2496,130800,0,2432,0,0,2432
Trammel,11,20,1472,2624,0,2075,2696,0,0,2696
Trammel,11,21,1472,2752,0,53705,522,0,0,522
Trammel,11,22,1472,2880,0,59655,796,0,0,796
Trammel,11,23,1472,3008,0,19490,3998,0,0,3998
Trammel,11,24,1472,3136,0,0,5284,0,0,5284
Trammel,11,25,1472,3264,0,200,1784,2000,0,1784
Trammel,11,26,1472,3392,110400,0,0,4000,0,0
Trammel,11,27,1472,3520,110400,0,0,4000,0,0
Trammel,11,28,1472,3648,110404,200,144,2000,0,144
Trammel,11,29,1472,3776,110404,200,136,1000,0,136
Trammel,11,30,1472,3904,110404,200,70,2000,0,70
Trammel,11,31,1472,4032,110404,200,87,2000,0,87
Trammel,12,11,1600,1472,110100,200,327,1000,0,327
Trammel,12,12,1600,1600,110108,0,150,0,0,150
Trammel,12,13,1600,1728,110108,200,118,1000,0,118
Trammel,12,14,1600,1856,110100,200,91,2000,0,91
Trammel,12,16,1600,2112,0,200,1284,1000,0,1284
Trammel,12,17,1600,2240,0,0,2856,0,0,2856
Trammel,12,18,1600,2368,130800,0,3038,0,0,3038
Trammel,12,19,1600,2496,130800,0,2532,0,0,2532
Trammel,12,20,1600,2624,0,0,2870,0,0,2870
Trammel,12,21,1600,2752,0,0,3132,0,0,3132
Trammel,12,22,1600,2880,0,5185,4564,0,0,4564
Trammel,12,23,1600,3008,0,4170,5330,0,0,5330
Trammel,12,24,1600,3136,0,2050,5576,0,0,5576
Trammel,12,25,1600,3264,0,13635,3196,1000,0,3196
Trammel,12,26,1600,3392,110400,200,554,2000,0,554
Trammel,12,27,1600,3520,110400,200,24,2000,0,24
Trammel,12,28,1600,3648,110400,0,0,4000,0,0
Trammel,12,29,1600,3776,110400,0,0,4000,0,0
Trammel,12,30,1600,3904,110400,0,0,4000,0,0
Trammel,12,31,1600,4032,110400,0,0,4000,0,0
Trammel,13,11,1728,1472,110100,0,774,0,0,774
Trammel,13,12,1728,1600,110100,700,117,2000,0,117
Trammel,13,13,1728,1728,110100,0,13,4000,0,13
Trammel,13,14,1728,1856,110100,0,0,4000,0,0
Trammel,13,16,1728,2112,0,200,52,2000,0,52
Trammel,13,17,1728,2240,0,200,1708,1000,0,1708
Trammel,13,18,1728,2368,0,0,2756,0,0,2756
Trammel,13,19,1728,2496,0,0,2660,0,0,2660
Trammel,13,20,1728,2624,0,200,2230,1000,0,2230
Trammel,13,21,1728,2752,0,0,2866,0,0,2866
Trammel,13,22,1728,2880,0,1685,4002,0,0,4002
Trammel,13,23,1728,3008,0,11865,4250,0,0,4250
Trammel,13,24,1728,3136,0,0,4822,0,0,4822
Trammel,13,25,1728,3264,0,0,5348,0,0,5348
Trammel,13,26,1728,3392,110400,200,1120,1000,0,1120
Trammel,13,27,1728,3520,110400,200,795,1000,0,795
Trammel,13,28,1728,3648,110400,0,0,4000,0,0
Trammel,13,29,1728,3776,110400,0,0,4000,0,0
Trammel,13,30,1728,3904,110400,0,0,4000,0,0
Trammel,13,31,1728,4032,110400,0,0,4000,0,0
Trammel,14,16,1856,2112,0,200,28,2000,0,28
Trammel,14,17,1856,2240,0,200,130,1000,0,130
Trammel,14,18,1856,2368,0,0,236,0,0,236
Trammel,14,19,1856,2496,0,200,96,1000,0,96
Trammel,14,20,1856,2624,0,255,362,1000,0,362
Trammel,14,21,1856,2752,111200,200,66,0,0,66
Trammel,14,22,1856,2880,111200,270,147,0,0,147
Trammel,14,23,1856,3008,0,300,700,1000,0,700
Trammel,14,24,1856,3136,0,0,3422,0,0,3422
Trammel,14,25,1856,3264,0,0,3970,0,0,3970
Trammel,14,26,1856,3392,110400,0,1824,0,0,1824
Trammel,14,27,1856,3520,110400,200,533,2000,0,533
Trammel,14,28,1856,3648,110400,0,0,4000,0,0
Trammel,14,29,1856,3776,110400,0,0,4000,0,0
Trammel,14,30,1856,3904,110400,0,0,4000,0,0
Trammel,14,31,1856,4032,110400,0,0,4000,0,0
Trammel,15,16,1984,2112,0,200,36,2000,0,36
Trammel,15,17,1984,2240,0,200,138,2000,0,138
Trammel,15,18,1984,2368,0,200,148,1000,0,148
Trammel,15,19,1984,2496,0,0,0,4000,0,0
Trammel,15,20,1984,2624,0,200,0,2000,0,0
Trammel,15,21,1984,2752,111200,660,78,1000,0,78
Trammel,15,22,1984,2880,111200,860,93,1000,0,93
Trammel,15,23,1984,3008,0,35,340,2000,0,340
Trammel,15,24,1984,3136,0,0,3382,0,0,3382
Trammel,15,25,1984,3264,0,0,6996,0,0,6996
Trammel,15,26,1984,3392,110400,200,1346,1000,0,1346
Trammel,15,27,1984,3520,110400,200,202,2000,0,202
Trammel,15,28,1984,3648,110400,0,0,4000,0,0
Trammel,15,29,1984,3776,110400,0,0,4000,0,0
Trammel,15,30,1984,3904,110400,0,0,4000,0,0
Trammel,15,31,1984,4032,110400,0,0,4000,0,0
Trammel,16,16,2112,2112,0,200,1306,1000,0,1306
Trammel,16,17,2112,2240,0,200,124,2000,0,124
Trammel,16,18,2112,2368,0,200,130,2000,0,130
Trammel,16,19,2112,2496,0,0,0,4000,0,0
Trammel,16,20,2112,2624,0,200,48,2000,0,48
Trammel,16,21,2112,2752,111200,200,12,2000,0,12
Trammel,16,22,2112,2880,111200,200,2,2000,0,2
Trammel,16,23,2112,3008,0,305,454,1000,0,454
Trammel,16,24,2112,3136,0,200,2226,1000,0,2226
Trammel,16,25,2112,3264,0,200,1604,2000,0,1604
Trammel,16,26,2112,3392,0,200,4726,1000,0,4726
Trammel,16,27,2112,3520,0,200,724,2000,0,724
Trammel,16,28,2112,3648,0,200,1302,2000,0,1302
Trammel,16,29,2112,3776,0,0,0,4000,0,0
Trammel,16,30,2112,3904,0,200,1040,2000,0,1040
Trammel,16,31,2112,4032,0,200,780,2000,0,780
Trammel,17,9,2240,1216,110300,28305,32,1000,0,32
Trammel,17,16,2240,2112,0,200,122,2000,0,122
Trammel,17,17,2240,2240,0,0,0,4000,0,0
Trammel,17,18,2240,2368,0,0,0,4000,0,0
Trammel,17,19,2240,2496,0,0,0,4000,0,0
Trammel,17,20,2240,2624,0,0,0,4000,0,0
Trammel,17,21,2240,2752,0,0,0,4000,0,0
Trammel,17,22,2240,2880,0,0,0,4000,0,0
Trammel,17,23,2240,3008,0,200,36,4000,0,36
Trammel,17,24,2240,3136,0,0,0,4000,0,0
Trammel,17,25,2240,3264,0,0,110,4000,0,110
Trammel,17,26,2240,3392,0,200,936,2000,0,936
Trammel,17,27,2240,3520,0,0,0,4000,0,0
Trammel,17,28,2240,3648,0,0,0,4000,0,0
Trammel,17,29,2240,3776,0,0,0,4000,0,0
Trammel,17,30,2240,3904,0,0,48,4000,0,48
Trammel,17,31,2240,4032,0,200,92,2000,0,92
Trammel,18,9,2368,1216,110302,200,621,1000,0,621
Trammel,18,16,2368,2112,0,0,0,4000,0,0
Trammel,18,17,2368,2240,0,0,0,4000,0,0
Trammel,18,18,2368,2368,0,0,0,4000,0,0
Trammel,18,19,2368,2496,0,0,0,4000,0,0
Trammel,18,20,2368,2624,0,0,0,4000,0,0
Trammel,18,21,2368,2752,0,0,0,4000,0,0
Trammel,18,22,2368,2880,0,0,0,4000,0,0
Trammel,18,23,2368,3008,0,0,0,4000,0,0
Trammel,18,24,2368,3136,0,0,0,4000,0,0
Trammel,18,25,2368,3264,0,0,0,4000,0,0
Trammel,18,26,2368,3392,0,200,686,2000,0,686
Trammel,18,27,2368,3520,0,200,2602,2000,0,2602
Trammel,18,28,2368,3648,0,0,0,4000,0,0
Trammel,18,29,2368,3776,0,0,0,4000,0,0
Trammel,18,30,2368,3904,0,200,878,2000,0,878
Trammel,18,31,2368,4032,0,0,0,4000,0,0
Trammel,19,0,2496,64,110604,33790,12,1000,0,12
Trammel,19,1,2496,192,110604,2235,260,1000,0,260
Trammel,19,2,2496,320,110604,200,83,2000,0,83
Trammel,19,3,2496,448,110604,3505,268,0,0,268
Trammel,19,4,2496,576,110605,200,179,1000,0,179
Trammel,19,8,2496,1088,110301,0,787,0,0,787
Trammel,19,9,2496,1216,110302,200,674,1000,0,674
Trammel,19,16,2496,2112,0,0,0,4000,0,0
Trammel,19,17,2496,2240,0,0,0,4000,0,0
Trammel,19,18,2496,2368,0,0,0,4000,0,0
Trammel,19,19,2496,2496,0,0,0,4000,0,0
Trammel,19,20,2496,2624,0,0,0,4000,0,0
Trammel,19,21,2496,2752,0,0,0,4000,0,0
Trammel,19,22,2496,2880,0,0,0,4000,0,0
Trammel,19,23,2496,3008,0,0,0,4000,0,0
Trammel,19,24,2496,3136,0,0,0,4000,0,0
Trammel,19,25,2496,3264,0,0,0,4000,0,0
Trammel,19,26,2496,3392,0,0,0,4000,0,0
Trammel,19,27,2496,3520,0,200,940,2000,0,940
Trammel,19,28,2496,3648,0,200,1888,2000,0,1888
Trammel,19,29,2496,3776,0,0,0,4000,0,0
Trammel,19,30,2496,3904,0,200,3092,2000,0,3092
Trammel,19,31,2496,4032,0,200,1786,2000,0,1786
Trammel,20,3,2624,448,110600,20080,182,1000,0,182
Trammel,20,4,2624,576,110600,200,159,1000,0,159
Trammel,20,9,2624,1216,110302,200,433,1000,0,433
Trammel,20,16,2624,2112,110203,200,977,1000,0,977
Trammel,20,17,2624,2240,110203,200,969,1000,0,969
Trammel,20,18,2624,2368,0,200,664,2000,0,664
Trammel,20,19,2624,2496,0,0,0,4000,0,0
Trammel,20,20,2624,2624,0,0,0,4000,0,0
Trammel,20,21,2624,2752,0,0,0,4000,0,0
Trammel,20,22,2624,2880,0,0,0,4000,0,0
Trammel,20,23,2624,3008,0,0,0,4000,0,0
Trammel,20,24,2624,3136,0,0,0,4000,0,0
Trammel,20,25,2624,3264,0,0,0,4000,0,0
Trammel,20,26,2624,3392,0,0,0,4000,0,0
Trammel,20,27,2624,3520,0,0,0,4000,0,0
Trammel,20,28,2624,3648,0,0,0,4000,0,0
Trammel,20,29,2624,3776,0,0,0,4000,0,0
Trammel,20,30,2624,3904,0,0,0,4000,0,0
Trammel,20,31,2624,4032,0,0,0,4000,0,0
Trammel,21,5,2752,704,111300,0,812,0,0,812
Trammel,21,6,2752,832,111300,200,612,1000,0,612
Trammel,21,7,2752,960,111304,200,435,1000,0,435
Trammel,21,9,2752,1216,110302,0,0,4000,0,0
Trammel,21,16,2752,2112,110203,200,635,1000,0,635
Trammel,21,17,2752,2240,110202,480,1079,1000,0,1079
Trammel,21,18,2752,2368,0,200,1568,2000,0,1568
Trammel,21,19,2752,2496,0,0,0,4000,0,0
Trammel,21,20,2752,2624,0,0,0,4000,0,0
Trammel,21,21,2752,2752,0,0,0,4000,0,0
Trammel,21,22,2752,2880,0,0,0,4000,0,0
Trammel,21,23,2752,3008,0,0,0,4000,0,0
Trammel,21,24,2752,3136,0,0,0,4000,0,0
Trammel,21,25,2752,3264,0,0,0,4000,0,0
Trammel,21,26,2752,3392,0,0,272,4000,0,272
Trammel,21,27,2752,3520,0,200,1868,2000,0,1868
Trammel,21,28,2752,3648,0,0,0,4000,0,0
Trammel,21,29,2752,3776,0,0,0,4000,0,0
Trammel,21,30,2752,3904,0,0,0,4000,0,0
Trammel,21,31,2752,4032,0,0,0,4000,0,0
Trammel,22,5,2880,704,111300,200,94,1000,0,94
Trammel,22,6,2880,832,111300,205,64,1000,0,64
Trammel,22,7,2880,960,111300,200,25,1000,0,25
Trammel,22,16,2880,2112,110203,200,129,2000,0,129
Trammel,22,17,2880,2240,110203,200,396,2000,0,396
Trammel,22,18,2880,2368,0,0,132,4000,0,132
Trammel,22,19,2880,2496,0,0,0,4000,0,0
Trammel,22,20,2880,2624,0,0,0,4000,0,0
Trammel,22,21,2880,2752,0,0,0,4000,0,0
Trammel,22,22,2880,2880,0,0,0,4000,0,0
Trammel,22,23,2880,3008,0,0,0,4000,0,0
Trammel,22,24,2880,3136,0,0,0,4000,0,0
Trammel,22,25,2880,3264,0,0,0,4000,0,0
Trammel,22,26,2880,3392,111000,2920,124,2000,0,124
Trammel,22,27,2880,3520,0,200,2374,1000,0,2374
Trammel,22,28,2880,3648,0,0,0,4000,0,0
Trammel,22,29,2880,3776,0,0,0,4000,0,0
Trammel,22,30,2880,3904,0,0,0,4000,0,0
Trammel,22,31,2880,4032,0,0,0,4000,0,0
Trammel,23,5,3008,704,111300,200,151,1000,0,151
Trammel,23,6,3008,832,111300,200,19,2000,0,19
Trammel,23,7,3008,960,111300,200,3,2000,0,3
Trammel,23,26,3008,3392,111000,4125,78,0,0,78
Trammel,23,27,3008,3520,0,1340,818,1000,0,818
Trammel,23,28,3008,3648,0,200,1266,2000,0,1266
Trammel,23,29,3008,3776,0,0,0,4000,0,0
Trammel,23,30,3008,3904,0,0,0,4000,0,0
Trammel,23,31,3008,4032,0,0,0,4000,0,0
Trammel,24,27,3136,3520,0,0,0,2000,0,0
Trammel,24,28,3136,3648,0,0,2,4000,0,2
Trammel,24,29,3136,3776,0,0,0,4000,0,0
Trammel,24,30,3136,3904,0,0,0,4000,0,0
Trammel,24,31,3136,4032,0,0,0,4000,0,0
Trammel,25,27,3264,3520,0,0,0,4000,0,0
Trammel,25,28,3264,3648,0,0,0,4000,0,0
Trammel,25,29,3264,3776,0,0,0,4000,0,0
Trammel,25,30,3264,3904,0,0,0,4000,0,0
Trammel,25,31,3264,4032,0,0,0,4000,0,0
Trammel,26,18,3392,2368,110901,0,0,4000,0,0
Trammel,26,19,3392,2496,110901,200,97,2000,0,97
Trammel,26,20,3392,2624,110901,200,194,1000,0,194
Trammel,26,21,3392,2752,110901,1680,182,2000,0,182
Trammel,26,22,3392,2880,110901,0,0,4000,0,0
Trammel,26,23,3392,3008,110901,0,0,4000,0,0
Trammel,26,24,3392,3136,110905,0,0,4000,1000,0
Trammel,26,25,3392,3264,110905,0,0,4000,1000,0
Trammel,26,26,3392,3392,110905,0,0,4000,1000,0
Trammel,26,27,3392,3520,0,0,0,4000,0,0
Trammel,26,28,3392,3648,0,0,0,4000,0,0
Trammel,26,29,3392,3776,0,0,0,4000,0,0
Trammel,26,30,3392,3904,0,0,0,4000,0,0
Trammel,26,31,3392,4032,0,0,0,4000,0,0
Trammel,27,8,3520,1088,110800,200,0,2000,0,0
Trammel,27,9,3520,1216,110807,200,0,2000,0,0
Trammel,27,10,3520,1344,110800,0,0,4000,0,0
Trammel,27,18,3520,2368,110901,200,136,2000,0,136
Trammel,27,19,3520,2496,110901,75,237,0,0,237
Trammel,27,20,3520,2624,110901,200,33,2000,0,33
Trammel,27,21,3520,2752,110901,17465,118,2000,0,118
Trammel,27,22,3520,2880,110901,1220,0,4000,0,0
Trammel,27,23,3520,3008,110901,0,0,4000,0,0
Trammel,27,24,3520,3136,110905,0,0,4000,1000,0
Trammel,27,25,3520,3264,110905,0,0,4000,1000,0
Trammel,27,26,3520,3392,110905,0,0,4000,1000,0
Trammel,27,27,3520,3520,0,0,0,4000,0,0
Trammel,27,28,3520,3648,0,0,0,4000,0,0
Trammel,27,29,3520,3776,0,0,0,4000,0,0
Trammel,27,30,3520,3904,0,0,0,4000,0,0
Trammel,27,31,3520,4032,0,0,0,4000,0,0
Trammel,28,8,3648,1088,110800,200,1,2000,0,1
Trammel,28,9,3648,1216,110800,200,7,1000,0,7
Trammel,28,10,3648,1344,110800,200,3,2000,0,3
Trammel,28,16,3648,2112,110500,200,251,1000,0,251
Trammel,28,17,3648,2240,110502,1215,3,2000,0,3
Trammel,28,18,3648,2368,110901,200,145,2000,0,145
Trammel,28,19,3648,2496,110901,0,263,0,0,263
Trammel,28,20,3648,2624,110901,260,90,1000,0,90
Trammel,28,21,3648,2752,110901,0,4,4000,0,4
Trammel,28,22,3648,2880,110901,0,0,4000,0,0
Trammel,28,23,3648,3008,110901,0,0,4000,0,0
Trammel,28,24,3648,3136,110905,0,0,4000,1000,0
Trammel,28,25,3648,3264,110905,0,0,4000,1000,0
Trammel,28,26,3648,3392,110905,0,0,4000,1000,0
Trammel,28,27,3648,3520,0,0,0,4000,0,0
Trammel,28,28,3648,3648,0,0,0,4000,0,0
Trammel,28,29,3648,3776,0,0,0,4000,0,0
Trammel,28,30,3648,3904,0,0,0,4000,0,0
Trammel,28,31,3648,4032,0,0,0,4000,0,0
Trammel,29,8,3776,1088,110800,200,0,2000,0,0
Trammel,29,9,3776,1216,110804,200,0,1000,0,0
Trammel,29,10,3776,1344,110800,200,2,2000,0,2
Trammel,29,16,3776,2112,110500,200,10,2000,0,10
Trammel,29,17,3776,2240,110500,200,32,2000,0,32
Trammel,29,18,3776,2368,110901,0,0,4000,0,0
Trammel,29,19,3776,2496,110901,200,184,2000,0,184
Trammel,29,20,3776,2624,110901,200,118,2000,0,118
Trammel,29,21,3776,2752,110901,200,49,2000,0,49
Trammel,29,22,3776,2880,110901,0,0,4000,0,0
Trammel,29,23,3776,3008,110901,0,0,4000,0,0
Trammel,29,24,3776,3136,110905,0,0,4000,1000,0
Trammel,29,25,3776,3264,110905,0,0,4000,1000,0
Trammel,29,26,3776,3392,110905,0,0,4000,1000,0
Trammel,29,27,3776,3520,0,0,0,4000,0,0
Trammel,29,28,3776,3648,0,0,0,4000,0,0
Trammel,29,29,3776,3776,0,0,0,4000,0,0
Trammel,29,30,3776,3904,0,0,0,4000,0,0
Trammel,29,31,3776,4032,0,0,0,4000,0,0
Trammel,30,27,3904,3520,0,0,0,4000,0,0
Trammel,30,28,3904,3648,0,0,0,4000,0,0
Trammel,30,29,3904,3776,0,0,0,4000,0,0
Trammel,30,30,3904,3904,0,0,0,4000,0,0
Trammel,30,31,3904,4032,0,0,0,4000,0,0
Trammel,31,27,4032,3520,0,200,0,4000,0,0
Trammel,31,28,4032,3648,0,0,0,4000,0,0
Trammel,31,29,4032,3776,0,0,0,4000,0,0
Trammel,31,30,4032,3904,0,0,0,4000,0,0
Trammel,31,31,4032,4032,0,0,0,4000,0,0
Trammel,32,27,4160,3520,130500,3180,0,2000,0,0
Trammel,32,28,4160,3648,130500,200,1444,1000,0,1444
Trammel,32,29,4160,3776,0,200,980,2000,0,980
Trammel,32,30,4160,3904,0,0,0,4000,0,0
Trammel,32,31,4160,4032,0,0,0,4000,0,0
Trammel,33,7,4288,960,110700,200,157,1000,0,157
Trammel,33,8,4288,1088,110700,200,375,1000,0,375
Trammel,33,9,4288,1216,110700,200,75,2000,0,75
Trammel,33,10,4288,1344,110700,0,0,4000,0,0
Trammel,33,11,4288,1472,110700,0,0,4000,0,0
Trammel,33,27,4288,3520,0,385,0,2000,0,0
Trammel,33,28,4288,3648,0,6680,1674,1000,0,1674
Trammel,33,29,4288,3776,0,18405,1606,2000,0,1606
Trammel,33,30,4288,3904,0,0,0,4000,0,0
Trammel,33,31,4288,4032,0,0,0,4000,0,0
Trammel,34,7,4416,960,110700,200,142,2000,0,142
Trammel,34,8,4416,1088,110702,200,159,0,0,159
Trammel,34,9,4416,1216,110700,200,365,1000,0,365
Trammel,34,10,4416,1344,110700,200,277,2000,0,277
Trammel,34,11,4416,1472,110700,200,145,2000,0,145
Trammel,34,27,4416,3520,0,200,1544,1000,0,1544
Trammel,34,28,4416,3648,0,335,2650,1000,0,2650
Trammel,34,29,4416,3776,0,1840,3580,2000,0,3580
Trammel,34,30,4416,3904,0,200,988,2000,0,988
Trammel,34,31,4416,4032,0,200,0,4000,0,0
Trammel,35,7,4544,960,110700,200,379,1000,0,379
Trammel,35,8,4544,1088,110700,200,324,1000,0,324
Trammel,35,9,4544,1216,110700,200,418,1000,0,418
Trammel,35,10,4544,1344,110700,1450,531,0,0,531
Trammel,35,11,4544,1472,110705,260,422,1000,0,422
Trammel,35,27,4544,3520,0,490,4562,0,0,4562
Trammel,35,28,4544,3648,0,520,4746,0,0,4746
Trammel,35,29,4544,3776,0,13405,2298,1000,0,2298
Trammel,35,30,4544,3904,0,3150,3488,1000,0,3488
Trammel,35,31,4544,4032,0,200,48,4000,0,48
Trammel,36,7,4672,960,110700,0,0,4000,0,0
Trammel,36,8,4672,1088,110700,200,133,2000,0,133
Trammel,36,9,4672,1216,110700,200,255,1000,0,255
Trammel,36,10,4672,1344,110700,200,126,2000,0,126
Trammel,36,11,4672,1472,110700,200,127,2000,0,127
Trammel,36,27,4672,3520,0,1545,4432,0,0,4432
Trammel,36,28,4672,3648,0,1660,5042,0,0,5042
Trammel,36,29,4672,3776,0,44060,1600,0,0,1600
Trammel,36,30,4672,3904,0,200,1482,2000,0,1482
Trammel,36,31,4672,4032,0,0,0,4000,0,0
Trammel,37,27,4800,3520,0,11430,944,2000,0,944
Trammel,37,28,4800,3648,0,45620,938,1000,0,938
Trammel,37,29,4800,3776,0,17400,888,2000,0,888
Trammel,37,30,4800,3904,0,0,116,2000,0,116
Trammel,37,31,4800,4032,0,0,0,4000,0,0
Trammel,38,27,4928,3520,0,0,0,4000,0,0
Trammel,38,28,4928,3648,0,0,0,4000,0,0
Trammel,38,29,4928,3776,0,0,0,4000,0,0
Trammel,38,30,4928,3904,0,0,0,4000,0,0
Trammel,38,31,4928,4032,0,0,0,4000,0,0
Trammel,39,27,5056,3520,0,0,0,4000,0,0
Trammel,39,28,5056,3648,0,0,0,4000,0,0
Trammel,39,29,5056,3776,0,0,0,4000,0,0
Trammel,39,30,5056,3904,0,0,0,4000,0,0
Trammel,39,31,5056,4032,0,0,0,4000,0,0
Trammel,40,0,5184,64,111400,38815,31,0,0,31
Trammel,40,1,5184,192,111400,36735,0,0,0,0
Trammel,40,27,5184,3520,0,31045,596,0,0,596
Trammel,40,28,5184,3648,0,29390,1842,0,0,1842
Trammel,40,29,5184,3776,0,17570,1308,1000,0,1308
Trammel,40,30,5184,3904,0,28845,1124,0,0,1124
Trammel,40,31,5184,4032,111600,27405,424,1000,0,424
Trammel,41,0,5312,64,111400,37630,25,0,0,25
Trammel,41,27,5312,3520,0,3895,962,0,0,962
Trammel,41,28,5312,3648,0,3980,1260,0,0,1260
Trammel,41,29,5312,3776,0,1050,2002,0,0,2002
Trammel,41,30,5312,3904,0,6050,1486,0,0,1486
Trammel,41,31,5312,4032,111600,18315,192,0,0,192
Trammel,42,27,5440,3520,0,8590,3886,0,0,3886
Trammel,42,28,5440,3648,0,0,5182,0,0,5182
Trammel,42,29,5440,3776,0,0,5164,0,0,5164
Trammel,42,30,5440,3904,0,3460,3384,0,0,3384
Trammel,42,31,5440,4032,0,16170,2408,0,0,2408
Trammel,43,27,5568,3520,0,11980,4862,0,0,4862
Trammel,43,28,5568,3648,0,0,4920,0,0,4920
Trammel,43,29,5568,3776,0,0,5698,0,0,5698
Trammel,43,30,5568,3904,0,1665,3810,0,0,3810
Trammel,43,31,5568,4032,0,13025,4022,0,0,4022
Trammel,44,24,5696,3136,111700,0,566,0,0,566
Trammel,44,25,5696,3264,111700,0,693,0,0,693
Trammel,44,27,5696,3520,0,2615,4472,0,0,4472
Trammel,44,28,5696,3648,0,2350,2640,0,0,2640
Trammel,44,29,5696,3776,0,3305,3128,0,0,3128
Trammel,44,30,5696,3904,0,40,2844,0,0,2844
Trammel,44,31,5696,4032,0,8075,2418,0,0,2418
Trammel,45,24,5824,3136,111700,0,116,2000,0,116
Trammel,45,25,5824,3264,111700,0,442,1000,0,442
Trammel,45,27,5824,3520,0,770,3732,0,0,3732
Trammel,45,28,5824,3648,0,1855,2506,0,0,2506
Trammel,45,29,5824,3776,0,3720,1802,0,0,1802
Trammel,45,30,5824,3904,0,6170,1348,0,0,1348
Trammel,45,31,5824,4032,0,11180,1626,0,0,1626
Trammel,46,27,5952,3520,0,0,2196,0,0,2196
Trammel,46,28,5952,3648,0,2730,2456,0,0,2456
Trammel,46,29,5952,3776,0,1270,1132,0,0,1132
Trammel,46,30,5952,3904,0,3950,1806,0,0,1806
Trammel,46,31,5952,4032,0,13170,2056,0,0,2056
Trammel,47,27,6080,3520,0,22085,1534,0,0,1534
Trammel,47,28,6080,3648,0,26185,1158,0,0,1158
Trammel,47,29,6080,3776,0,28395,638,0,0,638
Trammel,47,30,6080,3904,0,18370,904,0,0,904
Trammel,47,31,6080,4032,0,21190,732,0,0,732
Trammel,51,1,6592,192,111800,30560,0,2000,0,0
Trammel,53,25,6848,3264,0,30340,18,1000,0,18
Trammel,53,26,6848,3392,0,11365,18,0,0,18
Trammel,54,2,6976,320,111800,0,208,0,0,208
Trammel,54,3,6976,448,111800,0,168,0,0,168
Trammel,54,11,6976,1472,0,0,0,4000,0,0
Trammel,54,12,6976,1600,0,0,0,4000,0,0
Trammel,55,2,7104,320,111800,0,188,0,0,188
Trammel,55,3,7104,448,111800,0,185,0,0,185
Trammel,55,11,7104,1472,0,0,0,2000,0,0
Trammel,55,12,7104,1600,0,0,0,2000,0,0
Ilshenar,2,1,320,192,0,48435,72,0,0,72
Ilshenar,2,6,320,832,0,59200,12,0,0,12
Ilshenar,2,7,320,960,0,32415,2212,0,0,2212
Ilshenar,2,8,320,1088,0,16120,1520,0,0,1520
Ilshenar,3,1,448,192,0,52155,584,0,0,584
Ilshenar,3,6,448,832,0,29425,2784,0,0,2784
Ilshenar,3,7,448,960,0,3480,4272,0,0,4272
Ilshenar,3,8,448,1088,0,920,1806,0,0,1806
Ilshenar,4,1,576,192,0,51215,160,0,0,160
Ilshenar,4,3,576,448,310800,23985,1180,1000,0,1180
Ilshenar,4,6,576,832,0,10765,4240,0,0,4240
Ilshenar,4,7,576,960,0,990,4500,0,0,4500
Ilshenar,4,8,576,1088,0,2255,4118,0,0,4118
Ilshenar,5,1,704,192,0,46635,552,0,0,552
Ilshenar,5,6,704,832,330300,28660,2858,0,0,2858
Ilshenar,5,7,704,960,0,32545,2604,0,0,2604
Ilshenar,5,8,704,1088,0,22575,2388,0,0,2388
Ilshenar,5,9,704,1216,0,10055,3590,0,0,3590
Ilshenar,6,4,832,576,310200,43320,0,0,0,0
Ilshenar,6,5,832,704,310200,32140,20,0,0,20
Ilshenar,6,7,832,960,0,39000,0,1000,0,0
Ilshenar,6,8,832,1088,310400,8525,72,0,0,72
Ilshenar,6,9,832,1216,0,24430,1142,1000,0,1142
Ilshenar,7,7,960,960,0,40910,500,1000,0,500
Ilshenar,7,8,960,1088,0,48110,540,0,0,540
Ilshenar,7,9,960,1216,0,44840,24,0,0,24
Ilshenar,8,5,1088,704,310700,3100,186,0,0,186
Ilshenar,8,7,1088,960,0,40510,432,0,0,432
Ilshenar,8,8,1088,1088,0,20110,408,0,0,408
Ilshenar,9,5,1216,704,310700,16790,108,0,0,108
Ilshenar,9,7,1216,960,0,26540,1298,0,0,1298
Ilshenar,9,8,1216,1088,310300,275,116,1000,0,116
Ilshenar,10,8,1344,1088,310600,5015,0,2000,0,0
Ilshenar,11,4,1472,576,310100,19325,432,1000,0,432
Ilshenar,12,1,1600,192,310500,64765,48,0,0,48
Ilshenar,12,2,1600,320,310500,25755,14,2000,0,14
Ilshenar,12,3,1600,448,310500,1100,0,4000,0,0
Ilshenar,12,4,1600,576,310100,35895,0,1000,0,0
Ilshenar,12,10,1600,1344,0,45225,4,0,0,4
Ilshenar,13,1,1728,192,310500,54875,8,0,0,8
Ilshenar,13,2,1728,320,310500,49690,2,1000,0,2
Ilshenar,13,3,1728,448,310500,13190,4,2000,0,4
Malas,0,0,64,64,0,38395,0,0,0,0
Malas,2,5,320,704,0,0,202,1000,0,202
Malas,2,6,320,832,0,1435,32,0,0,32
Malas,2,14,320,1856,0,70130,4,1000,0,4
Malas,2,15,320,1984,0,70565,54,0,0,54
Malas,3,14,448,1856,0,73630,14,0,0,14
Malas,3,15,448,1984,0,73075,18,0,0,18
Malas,5,3,704,448,0,0,724,0,0,724
Malas,5,4,704,576,0,0,56,0,0,56
Malas,5,6,704,832,0,0,960,0,0,960
Malas,5,7,704,960,0,0,1768,0,0,1768
Malas,5,8,704,1088,0,0,988,0,0,988
Malas,5,9,704,1216,0,0,898,0,0,898
Malas,5,10,704,1344,0,90,620,0,0,620
Malas,6,1,832,192,0,3565,104,0,0,104
Malas,6,3,832,448,0,0,952,0,0,952
Malas,6,4,832,576,0,0,376,0,0,376
Malas,6,6,832,832,0,0,1826,0,0,1826
Malas,6,7,832,960,0,0,2192,0,0,2192
Malas,6,8,832,1088,0,0,2664,0,0,2664
Malas,6,9,832,1216,0,0,1054,0,0,1054
Malas,6,10,832,1344,0,0,1744,0,0,1744
Malas,6,11,832,1472,0,95,1880,0,0,1880
Malas,7,1,960,192,0,18870,92,0,0,92
Malas,7,2,960,320,0,2085,1200,0,0,1200
Malas,7,3,960,448,0,200,168,0,0,168
Malas,7,4,960,576,410100,200,0,0,0,0
Malas,7,5,960,704,0,0,504,0,0,504
Malas,7,7,960,960,0,14010,1360,0,0,1360
Malas,7,8,960,1088,0,20610,260,0,0,260
Malas,7,9,960,1216,0,915,324,0,0,324
Malas,7,10,960,1344,0,0,2596,0,0,2596
Malas,7,11,960,1472,0,0,3118,0,0,3118
Malas,8,1,1088,192,0,31330,0,0,0,0
Malas,8,2,1088,320,0,7210,704,0,0,704
Malas,8,3,1088,448,0,23845,12,0,0,12
Malas,8,4,1088,576,0,200,536,0,0,536
Malas,8,5,1088,704,0,0,884,0,0,884
Malas,8,8,1088,1088,0,38685,0,0,0,0
Malas,8,9,1088,1216,0,39340,0,0,0,0
Malas,8,10,1088,1344,0,8455,64,0,0,64
Malas,8,11,1088,1472,0,18670,176,0,0,176
Malas,9,1,1216,192,0,39820,44,0,0,44
Malas,9,2,1216,320,0,39450,4,0,0,4
Malas,9,3,1216,448,0,32730,88,0,0,88
Malas,9,4,1216,576,0,0,1568,0,0,1568
Malas,9,5,1216,704,0,0,1268,0,0,1268
Malas,9,9,1216,1216,0,29885,0,0,0,0
Malas,9,10,1216,1344,0,38725,0,0,0,0
Malas,9,11,1216,1472,0,42945,0,0,0,0
Malas,10,1,1344,192,0,17885,16,0,0,16
Malas,10,2,1344,320,0,46845,0,0,0,0
Malas,10,3,1344,448,0,55560,4,0,0,4
Malas,10,4,1344,576,0,980,1368,0,0,1368
Malas,10,9,1344,1216,431200,0,236,0,0,236
Malas,10,10,1344,1344,0,480,1032,0,0,1032
Malas,10,11,1344,1472,0,4825,324,0,0,324
Malas,10,12,1344,1600,0,17890,528,0,0,528
Malas,10,13,1344,1728,0,0,222,1000,0,222
Malas,10,14,1344,1856,0,4825,216,0,0,216
Malas,11,1,1472,192,0,30580,0,0,0,0
Malas,11,2,1472,320,0,45255,0,0,0,0
Malas,11,3,1472,448,0,36695,8,0,0,8
Malas,11,4,1472,576,0,0,1704,0,0,1704
Malas,11,9,1472,1216,0,0,2972,0,0,2972
Malas,11,10,1472,1344,0,0,3316,0,0,3316
Malas,11,11,1472,1472,0,0,4098,0,0,4098
Malas,11,12,1472,1600,430800,0,282,2000,0,282
Malas,11,13,1472,1728,430800,200,0,2000,0,0
Malas,11,14,1472,1856,0,66735,0,0,0,0
Malas,12,1,1600,192,0,12315,368,0,0,368
Malas,12,2,1600,320,0,47185,0,0,0,0
Malas,12,3,1600,448,0,45780,0,0,0,0
Malas,12,4,1600,576,0,8975,1276,0,0,1276
Malas,12,5,1600,704,0,0,1160,0,0,1160
Malas,13,1,1728,192,0,11725,436,0,0,436
Malas,13,2,1728,320,0,37095,16,0,0,16
Malas,13,3,1728,448,0,49960,0,0,0,0
Malas,13,4,1728,576,0,22235,544,0,0,544
Malas,13,5,1728,704,0,1590,1464,0,0,1464
Malas,14,1,1856,192,0,0,1188,0,0,1188
Malas,14,2,1856,320,0,6250,16,0,0,16
Malas,14,3,1856,448,0,52360,0,0,0,0
Malas,14,4,1856,576,0,17850,40,0,0,40
Malas,14,5,1856,704,0,22050,188,0,0,188
Malas,15,2,1984,320,430900,1140,24,0,0,24
Malas,15,3,1984,448,0,44040,8,0,0,8
Malas,15,4,1984,576,0,50510,0,0,0,0
Malas,15,5,1984,704,0,38150,0,0,0,0
Malas,15,6,1984,832,430100,1370,32,0,0,32
Malas,15,10,1984,1344,410200,2390,127,0,0,127
Malas,16,1,2112,192,430900,0,1142,0,0,1142
Malas,16,2,2112,320,430900,0,1782,0,0,1782
Malas,16,3,2112,448,0,25065,0,0,0,0
Malas,16,4,2112,576,431800,48810,0,0,0,0
Malas,16,5,2112,704,0,1865,20,0,0,20
Malas,16,8,2112,1088,0,0,1290,0,0,1290
Malas,16,9,2112,1216,0,17250,1140,0,0,1140
Malas,16,10,2112,1344,0,16960,262,0,0,262
Malas,16,11,2112,1472,0,38645,50,0,0,50
Malas,16,12,2112,1600,0,5220,0,0,0,0
Malas,16,13,2112,1728,0,47115,0,0,0,0
Malas,17,1,2240,192,430900,0,1720,0,0,1720
Malas,17,2,2240,320,430900,0,984,0,0,984
Malas,17,3,2240,448,0,29525,148,0,0,148
Malas,17,4,2240,576,0,28930,0,0,0,0
Malas,17,5,2240,704,0,23640,0,0,0,0
Malas,17,8,2240,1088,0,0,1144,0,0,1144
Malas,17,9,2240,1216,0,6485,1450,0,0,1450
Malas,17,10,2240,1344,0,8065,1130,0,0,1130
Malas,17,11,2240,1472,0,42435,284,0,0,284
Malas,17,13,2240,1728,0,37050,0,0,0,0
Malas,18,4,2368,576,0,29800,36,0,0,36
Malas,18,5,2368,704,0,9100,0,0,0,0
Malas,18,8,2368,1088,0,0,716,0,0,716
Malas,18,9,2368,1216,0,1870,1332,0,0,1332
Malas,18,10,2368,1344,0,10740,684,0,0,684
Malas,18,11,2368,1472,0,40950,298,0,0,298
Malas,18,12,2368,1600,0,9420,0,0,0,0
Malas,18,13,2368,1728,0,38700,0,0,0,0
Tokuno,0,1,64,192,0,0,0,4000,0,0
Tokuno,0,6,64,832,0,0,0,4000,0,0
Tokuno,0,7,64,960,0,0,0,4000,0,0
Tokuno,0,8,64,1088,0,0,0,4000,0,0
Tokuno,0,9,64,1216,0,0,0,4000,0,0
Tokuno,0,10,64,1344,0,0,0,4000,0,0
Tokuno,1,0,192,64,0,0,0,4000,0,0
Tokuno,1,1,192,192,0,200,0,4000,0,0
Tokuno,1,6,192,832,0,11300,1424,1000,0,1424
Tokuno,1,7,192,960,0,310,980,2000,0,980
Tokuno,1,8,192,1088,0,200,350,2000,0,350
Tokuno,1,9,192,1216,0,200,0,4000,0,0
Tokuno,1,10,192,1344,0,0,0,4000,0,0
Tokuno,2,0,320,64,0,0,0,4000,0,0
Tokuno,2,1,320,192,0,200,0,2000,0,0
Tokuno,2,2,320,320,0,200,804,2000,0,804
Tokuno,2,3,320,448,530300,6720,2638,0,0,2638
Tokuno,2,4,320,576,530300,14545,1106,0,0,1106
Tokuno,2,5,320,704,0,7750,3136,1000,0,3136
Tokuno,2,6,320,832,0,20375,38,2000,0,38
Tokuno,2,7,320,960,0,490,0,4000,0,0
Tokuno,2,8,320,1088,0,200,188,2000,0,188
Tokuno,2,9,320,1216,0,200,136,2000,0,136
Tokuno,2,10,320,1344,0,200,30,2000,0,30
Tokuno,3,0,448,64,0,200,0,2000,0,0
Tokuno,3,1,448,192,0,200,0,2000,0,0
Tokuno,3,2,448,320,0,200,828,2000,0,828
Tokuno,3,3,448,448,0,200,2878,1000,0,2878
Tokuno,3,4,448,576,0,200,1652,1000,0,1652
Tokuno,3,5,448,704,0,200,240,2000,0,240
Tokuno,3,6,448,832,0,200,44,4000,0,44
Tokuno,3,7,448,960,0,200,0,4000,0,0
Tokuno,3,8,448,1088,0,200,10,4000,0,10
Tokuno,3,9,448,1216,0,200,0,4000,0,0
Tokuno,3,10,448,1344,0,200,0,4000,0,0
Tokuno,4,0,576,64,0,0,0,4000,0,0
Tokuno,4,1,576,192,0,200,0,4000,0,0
Tokuno,4,2,576,320,0,200,338,2000,0,338
Tokuno,4,3,576,448,0,19480,2996,1000,0,2996
Tokuno,4,4,576,576,0,200,2388,2000,0,2388
Tokuno,4,5,576,704,0,200,0,4000,0,0
Tokuno,4,6,576,832,0,200,0,2000,0,0
Tokuno,4,7,576,960,0,7655,8,1000,0,8
Tokuno,4,8,576,1088,0,37945,1364,1000,0,1364
Tokuno,4,9,576,1216,0,5835,478,1000,0,478
Tokuno,4,10,576,1344,0,200,94,2000,0,94
Tokuno,5,0,704,64,0,0,0,4000,0,0
Tokuno,5,1,704,192,0,200,720,2000,0,720
Tokuno,5,2,704,320,0,200,204,2000,0,204
Tokuno,5,3,704,448,0,3650,612,2000,0,612
Tokuno,5,4,704,576,0,200,242,4000,0,242
Tokuno,5,5,704,704,0,0,0,4000,0,0
Tokuno,5,6,704,832,0,200,0,2000,0,0
Tokuno,5,7,704,960,0,13180,0,1000,0,0
Tokuno,5,8,704,1088,0,39000,1284,0,0,1284
Tokuno,5,9,704,1216,510100,200,164,1000,0,164
Tokuno,5,10,704,1344,510100,200,133,2000,0,133
Tokuno,6,0,832,64,0,0,2,4000,0,2
Tokuno,6,1,832,192,0,12915,1412,1000,0,1412
Tokuno,6,2,832,320,0,200,2162,1000,0,2162
Tokuno,6,3,832,448,0,9500,396,2000,0,396
Tokuno,6,4,832,576,0,4525,388,2000,0,388
Tokuno,6,5,832,704,0,200,824,2000,0,824
Tokuno,6,6,832,832,0,200,0,2000,0,0
Tokuno,6,7,832,960,0,24775,24,1000,0,24
Tokuno,6,8,832,1088,0,31775,846,0,0,846
Tokuno,6,9,832,1216,0,5740,984,1000,0,984
Tokuno,6,10,832,1344,0,200,238,2000,0,238
Tokuno,7,0,960,64,0,0,108,2000,0,108
Tokuno,7,1,960,192,0,22680,1296,1000,0,1296
Tokuno,7,2,960,320,0,0,2410,1000,0,2410
Tokuno,7,3,960,448,0,3445,1216,1000,0,1216
Tokuno,7,4,960,576,0,15495,2884,0,0,2884
Tokuno,7,5,960,704,0,1645,4308,1000,0,4308
Tokuno,7,6,960,832,0,315,482,2000,0,482
Tokuno,7,7,960,960,0,1530,20,4000,0,20
Tokuno,7,8,960,1088,0,380,12,2000,0,12
Tokuno,7,9,960,1216,0,6865,312,2000,0,312
Tokuno,7,10,960,1344,0,0,0,4000,0,0
Tokuno,8,0,1088,64,0,0,0,4000,0,0
Tokuno,8,1,1088,192,0,2530,0,4000,0,0
Tokuno,8,2,1088,320,0,210,180,2000,0,180
Tokuno,8,3,1088,448,0,200,1170,2000,0,1170
Tokuno,8,4,1088,576,0,25270,1642,0,0,1642
Tokuno,8,5,1088,704,0,58555,642,0,0,642
Tokuno,8,6,1088,832,0,7725,1086,1000,0,1086
Tokuno,8,7,1088,960,0,200,1256,1000,0,1256
Tokuno,8,8,1088,1088,0,200,304,2000,0,304
Tokuno,8,9,1088,1216,0,0,0,4000,0,0
Tokuno,8,10,1088,1344,0,0,0,4000,0,0
Tokuno,9,0,1216,64,0,0,0,4000,0,0
Tokuno,9,1,1216,192,0,2355,0,4000,0,0
Tokuno,9,2,1216,320,0,15040,0,2000,0,0
Tokuno,9,3,1216,448,0,200,910,2000,0,910
Tokuno,9,4,1216,576,0,30560,1340,0,0,1340
Tokuno,9,5,1216,704,0,52960,44,0,0,44
Tokuno,9,6,1216,832,0,3390,1354,0,0,1354
Tokuno,9,7,1216,960,0,200,1032,1000,0,1032
Tokuno,9,8,1216,1088,0,200,448,2000,0,448
Tokuno,9,9,1216,1216,0,0,0,4000,0,0
Tokuno,9,10,1216,1344,0,0,0,4000,0,0
Tokuno,10,0,1344,64,0,0,0,4000,0,0
Tokuno,10,1,1344,192,0,70,0,4000,0,0
Tokuno,10,2,1344,320,0,10,0,4000,0,0
Tokuno,10,3,1344,448,0,0,0,4000,0,0
Tokuno,10,4,1344,576,0,7185,318,2000,0,318
Tokuno,10,5,1344,704,0,4865,1110,2000,0,1110
Tokuno,10,6,1344,832,0,310,622,2000,0,622
Tokuno,10,7,1344,960,0,4005,68,2000,0,68
Tokuno,10,8,1344,1088,0,0,0,4000,0,0
Tokuno,10,9,1344,1216,0,0,0,4000,0,0
Tokuno,10,10,1344,1344,0,0,0,4000,0,0
TerMur,0,2,64,320,0,34440,0,0,0,0
TerMur,0,4,64,576,0,54625,0,0,0,0
TerMur,0,6,64,832,0,33265,0,0,0,0
TerMur,0,17,64,2240,0,0,0,0,0,0
TerMur,1,11,192,1472,0,0,2342,1000,0,2342
TerMur,1,12,192,1600,0,3040,2414,1000,0,2414
TerMur,1,13,192,1728,0,26950,912,1000,0,912
TerMur,1,14,192,1856,0,6425,1262,1000,0,1262
TerMur,1,17,192,2240,0,0,334,0,0,334
TerMur,2,11,320,1472,0,0,1852,1000,0,1852
TerMur,2,12,320,1600,0,200,900,2000,0,900
TerMur,2,13,320,1728,0,200,726,1000,0,726
TerMur,2,14,320,1856,0,0,962,1000,0,962
TerMur,2,17,320,2240,0,0,334,0,0,334
TerMur,2,23,320,3008,0,16870,0,0,0,0
TerMur,3,11,448,1472,0,0,1452,1000,0,1452
TerMur,3,12,448,1600,0,200,720,2000,0,720
TerMur,3,13,448,1728,0,200,774,1000,0,774
TerMur,3,14,448,1856,0,0,782,1000,0,782
TerMur,3,17,448,2240,0,145,334,0,0,334
TerMur,3,23,448,3008,0,34435,0,0,0,0
TerMur,3,24,448,3136,0,38910,146,0,0,146
TerMur,3,25,448,3264,0,10965,240,0,0,240
TerMur,3,27,448,3520,0,24445,244,0,0,244
TerMur,3,28,448,3648,0,13475,1036,0,0,1036
TerMur,3,29,448,3776,0,10085,10,0,0,10
TerMur,4,11,576,1472,0,0,1112,1000,0,1112
TerMur,4,12,576,1600,0,0,2140,1000,0,2140
TerMur,4,13,576,1728,0,0,2964,1000,0,2964
TerMur,4,14,576,1856,0,0,3638,0,0,3638
TerMur,4,15,576,1984,0,0,2928,0,0,2928
TerMur,4,16,576,2112,0,6695,1572,1000,0,1572
TerMur,4,17,576,2240,0,295,132,0,0,132
TerMur,4,22,576,2880,630500,22135,316,1000,0,316
TerMur,4,23,576,3008,630500,8945,418,1000,0,418
TerMur,4,24,576,3136,0,13165,824,1000,0,824
TerMur,4,25,576,3264,0,3665,1060,1000,0,1060
TerMur,4,26,576,3392,630200,560,1746,1000,0,1746
TerMur,4,27,576,3520,0,9455,1070,0,0,1070
TerMur,4,28,576,3648,0,13365,422,0,0,422
TerMur,4,29,576,3776,631200,5280,12,0,0,12
TerMur,4,30,576,3904,631200,7880,180,1000,0,180
TerMur,5,11,704,1472,0,0,1970,1000,0,1970
TerMur,5,12,704,1600,0,20,3090,1000,0,3090
TerMur,5,13,704,1728,0,0,3056,0,0,3056
TerMur,5,14,704,1856,0,0,5432,0,0,5432
TerMur,5,15,704,1984,0,1160,4360,1000,0,4360
TerMur,5,16,704,2112,0,13145,2432,1000,0,2432
TerMur,5,17,704,2240,0,14035,0,0,0,0
TerMur,5,23,704,3008,630500,9775,314,1000,0,314
TerMur,5,24,704,3136,631300,21005,700,1000,0,700
TerMur,5,25,704,3264,631500,700,880,1000,0,880
TerMur,5,26,704,3392,610100,9895,16,1000,0,16
TerMur,5,27,704,3520,610100,16175,11,0,0,11
TerMur,5,28,704,3648,0,2815,904,0,0,904
TerMur,5,29,704,3776,632000,7135,552,1000,0,552
TerMur,5,30,704,3904,630600,25120,200,1000,0,200
TerMur,6,11,832,1472,0,11575,588,1000,0,588
TerMur,6,12,832,1600,0,20680,0,0,0,0
TerMur,6,13,832,1728,0,17560,0,0,0,0
TerMur,6,14,832,1856,0,8980,0,0,0,0
TerMur,6,15,832,1984,0,0,3118,0,0,3118
TerMur,6,16,832,2112,0,1165,498,0,0,498
TerMur,6,17,832,2240,0,200,0,0,0,0
TerMur,6,22,832,2880,630700,7345,364,0,0,364
TerMur,6,23,832,3008,630700,9685,810,0,0,810
TerMur,6,24,832,3136,631300,16720,358,1000,0,358
TerMur,6,25,832,3264,631500,3200,1692,1000,0,1692
TerMur,6,26,832,3392,610100,8905,52,1000,0,52
TerMur,6,27,832,3520,610100,3830,213,1000,0,213
TerMur,6,28,832,3648,0,3120,760,1000,0,760
TerMur,6,29,832,3776,631400,23550,396,1000,0,396
TerMur,6,30,832,3904,631400,18270,346,1000,0,346
TerMur,7,12,960,1600,0,200,0,0,0,0
TerMur,7,13,960,1728,0,4900,0,0,0,0
TerMur,7,14,960,1856,0,14460,0,0,0,0
TerMur,7,15,960,1984,0,145,530,0,0,530
TerMur,7,16,960,2112,0,465,26,0,0,26
TerMur,7,23,960,3008,630700,11770,656,0,0,656
TerMur,7,24,960,3136,0,13045,504,1000,0,504
TerMur,7,25,960,3264,631500,14780,824,1000,0,824
TerMur,7,26,960,3392,631500,2850,924,1000,0,924
TerMur,7,27,960,3520,0,8690,1460,0,0,1460
TerMur,7,28,960,3648,0,18975,780,1000,0,780
TerMur,7,29,960,3776,631400,20085,222,2000,0,222
TerMur,7,30,960,3904,610200,5435,122,0,0,122
TerMur,7,31,960,4032,0,18980,298,0,0,298
TerMur,8,12,1088,1600,0,390,0,0,0,0
TerMur,8,23,1088,3008,0,14265,166,0,0,166
TerMur,8,25,1088,3264,631700,18835,510,1000,0,510
TerMur,8,26,1088,3392,630100,14090,746,1000,0,746
TerMur,8,27,1088,3520,0,16705,364,1000,0,364
TerMur,8,28,1088,3648,0,6540,190,1000,0,190
TerMur,8,29,1088,3776,631800,23195,254,1000,0,254
TerMur,8,30,1088,3904,0,15795,650,0,0,650
TerMur,8,31,1088,4032,0,20235,124,0,0,124
