MapName,ChunkX,ChunkY,BaseRegionCode,ZoneType,FinalZoneID,LotsCount
Felucca,0,0,0,0,0,0
Felucca,0,1,0,0,0,0
Felucca,0,2,0,0,0,0
Felucca,0,3,0,0,0,0
Felucca,0,4,0,0,0,0
Felucca,0,5,0,0,0,0
Felucca,0,6,0,0,0,0
Felucca,0,7,0,0,0,0
Felucca,0,8,0,0,0,0
Felucca,0,9,0,0,0,0
Felucca,0,10,0,0,0,0
Felucca,0,11,0,0,0,1
Felucca,0,12,0,0,0,0
Felucca,0,13,0,0,0,0
Felucca,0,14,0,0,0,0
Felucca,0,15,0,0,0,0
Felucca,0,16,0,0,0,0
Felucca,0,17,0,0,0,0
Felucca,0,18,0,0,0,0
Felucca,0,19,0,0,0,0
Felucca,0,20,0,0,0,0
Felucca,0,21,0,0,0,0
Felucca,0,22,0,0,0,0
Felucca,0,23,0,0,0,0
Felucca,0,24,0,0,0,0
Felucca,0,25,0,0,0,0
Felucca,0,26,0,0,0,0
Felucca,0,27,0,0,0,0
Felucca,0,28,0,0,0,0
Felucca,0,29,0,0,0,0
Felucca,0,30,0,0,0,0
Felucca,0,31,0,0,0,0
Felucca,0,32,0,0,0,0
Felucca,1,0,0,0,0,0
Felucca,1,1,0,0,0,0
Felucca,1,2,0,0,0,0
Felucca,1,3,0,0,0,0
Felucca,1,4,0,0,0,0
Felucca,1,7,210800,2,2108002,2
Felucca,1,8,210800,1,2108001,0
Felucca,1,9,210800,1,2108001,0
Felucca,1,10,0,3,2108003,11
Felucca,1,11,0,0,0,15
Felucca,1,12,0,0,0,0
Felucca,1,13,0,0,0,0
Felucca,1,14,0,0,0,0
Felucca,1,15,0,0,0,0
Felucca,1,16,0,0,0,0
Felucca,1,17,0,0,0,0
Felucca,1,18,0,0,0,0
Felucca,1,19,0,0,0,0
Felucca,1,20,0,0,0,0
Felucca,1,21,0,0,0,0
Felucca,1,22,0,0,0,0
Felucca,1,23,0,0,0,0
Felucca,1,24,0,0,0,0
Felucca,1,25,0,0,0,0
Felucca,1,26,0,0,0,0
Felucca,1,27,0,0,0,0
Felucca,1,28,0,0,0,0
Felucca,1,29,0,0,0,0
Felucca,1,30,0,0,0,0
Felucca,1,31,0,0,0,0
Felucca,1,32,0,0,0,0
Felucca,2,0,0,0,0,0
Felucca,2,1,0,0,0,0
Felucca,2,2,0,0,0,0
Felucca,2,3,0,0,0,0
Felucca,2,4,0,0,0,0
Felucca,2,10,0,3,2108003,10
Felucca,2,11,0,0,0,1
Felucca,2,12,0,0,0,3
Felucca,2,13,0,0,0,0
Felucca,2,14,0,0,0,0
Felucca,2,15,0,0,0,0
Felucca,2,16,0,0,0,0
Felucca,2,17,0,0,0,0
Felucca,2,18,0,0,0,0
Felucca,2,19,0,0,0,0
Felucca,2,20,0,0,0,0
Felucca,2,21,0,0,0,0
Felucca,2,22,0,0,0,0
Felucca,2,23,0,0,0,0
Felucca,2,24,0,0,0,0
Felucca,2,25,0,0,0,0
Felucca,2,26,0,0,0,0
Felucca,2,27,0,0,0,0
Felucca,2,28,0,0,0,0
Felucca,2,29,0,0,0,0
Felucca,2,30,0,0,0,0
Felucca,2,31,0,0,0,0
Felucca,2,32,0,0,0,0
Felucca,3,0,0,0,0,0
Felucca,3,1,0,0,0,0
Felucca,3,2,0,0,0,0
Felucca,3,3,0,0,0,0
Felucca,3,4,0,0,0,0
Felucca,3,5,210800,1,2108001,0
Felucca,3,10,0,0,0,13
Felucca,3,11,0,0,0,2
Felucca,3,12,0,0,0,12
Felucca,3,13,0,0,0,5
Felucca,3,14,0,0,0,0
Felucca,3,15,0,0,0,0
Felucca,3,16,0,0,0,1
Felucca,3,17,0,0,0,0
Felucca,3,18,0,0,0,0
Felucca,3,19,0,0,0,0
Felucca,3,20,0,0,0,0
Felucca,3,21,0,0,0,0
Felucca,3,22,0,0,0,0
Felucca,3,23,0,0,0,0
Felucca,3,24,0,0,0,0
Felucca,3,25,0,0,0,0
Felucca,3,26,0,0,0,0
Felucca,3,27,0,0,0,0
Felucca,3,28,0,0,0,0
Felucca,3,29,0,0,0,0
Felucca,3,30,0,0,0,0
Felucca,3,31,0,0,0,0
Felucca,3,32,0,0,0,0
Felucca,4,0,0,0,0,0
Felucca,4,1,0,0,0,0
Felucca,4,2,0,0,0,0
Felucca,4,3,0,0,0,0
Felucca,4,4,0,0,0,0
Felucca,4,5,210800,1,2108001,0
Felucca,4,10,0,3,2108003,13
Felucca,4,11,0,0,0,13
Felucca,4,12,0,0,0,5
Felucca,4,13,0,0,0,7
Felucca,4,14,0,0,0,0
Felucca,4,15,0,0,0,0
Felucca,4,18,210500,1,2105001,0
Felucca,4,19,0,0,0,0
Felucca,4,20,0,0,0,0
Felucca,4,21,0,0,0,0
Felucca,4,22,0,0,0,0
Felucca,4,23,0,0,0,0
Felucca,4,24,0,0,0,0
Felucca,4,25,0,0,0,0
Felucca,4,26,0,0,0,0
Felucca,4,27,0,0,0,0
Felucca,4,28,0,0,0,0
Felucca,4,29,0,0,0,0
Felucca,4,30,0,0,0,0
Felucca,4,31,0,0,0,0
Felucca,4,32,0,0,0,0
Felucca,5,0,0,0,0,0
Felucca,5,1,0,0,0,0
Felucca,5,2,0,0,0,0
Felucca,5,3,0,0,0,0
Felucca,5,4,0,3,2108003,13
Felucca,5,5,210800,2,2108002,51
Felucca,5,6,210800,2,2108002,57
Felucca,5,7,210800,2,2108002,34
Felucca,5,8,210800,2,2108002,11
Felucca,5,9,210800,2,2108002,16
Felucca,5,10,0,3,2108003,25
Felucca,5,11,0,0,0,16
Felucca,5,12,0,0,0,2
Felucca,5,13,0,0,0,4
Felucca,5,14,0,0,0,22
Felucca,5,15,0,3,2105003,10
Felucca,5,16,210500,2,2105002,1
Felucca,5,17,210500,2,2105002,1
Felucca,5,18,210500,2,2105002,1
Felucca,5,19,0,0,0,0
Felucca,5,20,0,0,0,0
Felucca,5,21,0,0,0,0
Felucca,5,22,0,0,0,0
Felucca,5,23,0,0,0,0
Felucca,5,24,0,0,0,0
Felucca,5,25,0,0,0,0
Felucca,5,26,210900,1,2109001,0
Felucca,5,27,210900,1,2109001,0
Felucca,5,28,210900,1,2109001,0
Felucca,5,29,210900,1,2109001,0
Felucca,5,30,210900,1,2109001,0
Felucca,5,31,210900,1,2109001,0
Felucca,5,32,0,0,0,0
Felucca,6,0,0,0,0,0
Felucca,6,1,0,0,0,0
Felucca,6,2,0,0,0,5
Felucca,6,3,0,0,0,18
Felucca,6,4,0,3,2108003,57
Felucca,6,5,0,3,2108003,65
Felucca,6,6,0,3,2108003,57
Felucca,6,7,0,3,2108003,58
Felucca,6,8,0,3,2108003,16
Felucca,6,9,0,3,2108003,20
Felucca,6,10,0,3,2108003,16
Felucca,6,11,0,0,0,19
Felucca,6,12,0,0,0,9
Felucca,6,13,0,0,0,13
Felucca,6,14,0,0,0,29
Felucca,6,15,0,3,2105003,30
Felucca,6,16,210500,2,2105002,15
Felucca,6,17,210500,2,2105002,17
Felucca,6,18,210500,2,2105002,27
Felucca,6,19,0,3,2105003,5
Felucca,6,20,0,0,0,0
Felucca,6,21,0,0,0,0
Felucca,6,22,0,0,0,0
Felucca,6,23,0,0,0,0
Felucca,6,24,0,0,0,0
Felucca,6,25,0,0,0,0
Felucca,6,26,210900,1,2109001,0
Felucca,6,27,210900,1,2109001,0
Felucca,6,28,210900,1,2109001,0
Felucca,6,29,210900,1,2109001,0
Felucca,6,30,210900,1,2109001,0
Felucca,6,31,210900,1,2109001,0
Felucca,6,32,0,0,0,0
Felucca,7,0,0,0,0,0
Felucca,7,1,0,0,0,0
Felucca,7,2,0,0,0,21
Felucca,7,3,0,0,0,20
Felucca,7,4,0,0,0,64
Felucca,7,5,0,0,0,51
Felucca,7,6,0,0,0,52
Felucca,7,7,0,0,0,59
Felucca,7,8,0,0,0,21
Felucca,7,9,0,0,0,16
Felucca,7,10,0,0,0,14
Felucca,7,11,0,0,0,1
Felucca,7,12,0,0,0,7
Felucca,7,13,0,0,0,24
Felucca,7,14,0,0,0,29
Felucca,7,15,0,3,2105003,22
Felucca,7,16,0,3,2105003,28
Felucca,7,17,0,3,2105003,30
Felucca,7,18,0,3,2105003,27
Felucca,7,19,0,3,2105003,24
Felucca,7,20,0,0,0,16
Felucca,7,21,0,0,0,1
Felucca,7,22,0,0,0,0
Felucca,7,23,0,0,0,0
Felucca,7,24,0,0,0,0
Felucca,7,25,0,0,0,0
Felucca,7,26,210900,1,2109001,0
Felucca,7,27,210900,1,2109001,0
Felucca,7,28,210900,1,2109001,0
Felucca,7,29,210900,1,2109001,0
Felucca,7,30,210900,1,2109001,0
Felucca,7,31,210900,1,2109001,0
Felucca,7,32,0,0,0,0
Felucca,8,0,0,0,0,0
Felucca,8,1,0,0,0,6
Felucca,8,2,0,0,0,7
Felucca,8,3,0,0,0,10
Felucca,8,4,0,0,0,23
Felucca,8,5,0,0,0,13
Felucca,8,6,0,0,0,13
Felucca,8,7,0,0,0,21
Felucca,8,8,0,0,0,19
Felucca,8,9,0,0,0,16
Felucca,8,10,0,3,2101003,14
Felucca,8,11,0,3,2101003,2
Felucca,8,12,0,0,0,0
Felucca,8,13,0,0,0,5
Felucca,8,14,0,0,0,2
Felucca,8,15,0,0,0,14
Felucca,8,16,0,0,0,10
Felucca,8,17,0,0,0,1
Felucca,8,18,0,0,0,15
Felucca,8,19,0,0,0,20
Felucca,8,20,0,0,0,8
Felucca,8,21,0,0,0,21
Felucca,8,22,0,0,0,17
Felucca,8,23,0,0,0,17
Felucca,8,24,0,0,0,15
Felucca,8,25,0,3,2109003,3
Felucca,8,26,210900,2,2109002,1
Felucca,8,27,210900,2,2109002,7
Felucca,8,28,210900,1,2109001,0
Felucca,8,29,210900,1,2109001,0
Felucca,8,30,210900,1,2109001,0
Felucca,8,31,210900,1,2109001,0
Felucca,8,32,0,0,0,0
Felucca,9,0,0,0,0,0
Felucca,9,1,0,0,0,16
Felucca,9,2,0,0,0,19
Felucca,9,3,0,0,0,16
Felucca,9,4,0,0,0,21
Felucca,9,5,0,0,0,26
Felucca,9,6,0,0,0,5
Felucca,9,7,0,0,0,15
Felucca,9,8,0,0,0,11
Felucca,9,9,0,0,0,2
Felucca,9,10,0,3,2101003,22
Felucca,9,11,210100,2,2101002,13
Felucca,9,15,0,0,0,20
Felucca,9,16,0,0,0,16
Felucca,9,17,0,0,0,2
Felucca,9,18,0,0,0,19
Felucca,9,19,0,0,0,28
Felucca,9,20,0,0,0,15
Felucca,9,21,0,0,0,23
Felucca,9,22,0,0,0,26
Felucca,9,23,0,0,0,18
Felucca,9,24,0,0,0,0
Felucca,9,25,0,0,0,0
Felucca,9,26,210900,2,2109002,1
Felucca,9,27,210900,2,2109002,4
Felucca,9,28,210900,2,2109002,1
Felucca,9,29,210900,1,2109001,0
Felucca,9,30,210900,1,2109001,0
Felucca,9,31,210900,1,2109001,0
Felucca,9,32,0,0,0,0
Felucca,10,0,0,0,0,0
Felucca,10,1,0,0,0,7
Felucca,10,2,0,0,0,19
Felucca,10,3,0,0,0,20
Felucca,10,4,0,0,0,14
Felucca,10,5,0,0,0,14
Felucca,10,6,0,0,0,18
Felucca,10,7,0,0,0,9
Felucca,10,8,0,0,0,5
Felucca,10,9,0,0,0,10
Felucca,10,10,0,3,2101003,24
Felucca,10,11,210100,2,2101002,14
Felucca,10,12,210100,1,2101001,0
Felucca,10,15,0,3,2101003,26
Felucca,10,16,0,0,0,16
Felucca,10,17,0,0,0,22
Felucca,10,18,0,0,0,24
Felucca,10,19,0,0,0,23
Felucca,10,20,0,0,0,20
Felucca,10,21,0,0,0,16
Felucca,10,22,0,0,0,18
Felucca,10,23,0,0,0,7
Felucca,10,24,0,0,0,14
Felucca,10,25,0,0,0,0
Felucca,10,26,210900,1,2109001,0
Felucca,10,27,210900,1,2109001,0
Felucca,10,28,210900,1,2109001,0
Felucca,10,31,210900,1,2109001,0
Felucca,10,32,0,0,0,0
Felucca,11,0,0,0,0,0
Felucca,11,1,0,0,0,11
Felucca,11,2,0,0,0,5
Felucca,11,3,0,0,0,3
Felucca,11,4,0,0,0,0
Felucca,11,5,0,0,0,22
Felucca,11,6,0,0,0,18
Felucca,11,7,0,0,0,12
Felucca,11,8,0,0,0,26
Felucca,11,9,0,0,0,8
Felucca,11,10,0,3,2101003,17
Felucca,11,11,210100,2,2101002,5
Felucca,11,14,210100,2,2101002,12
Felucca,11,15,0,3,2101003,30
Felucca,11,16,0,0,0,10
Felucca,11,17,0,0,0,18
Felucca,11,18,0,3,2308003,24
Felucca,11,19,0,3,2308003,23
Felucca,11,20,0,3,2308003,23
Felucca,11,21,0,0,0,11
Felucca,11,22,0,0,0,8
Felucca,11,23,0,0,0,13
Felucca,11,24,0,0,0,12
Felucca,11,25,0,3,2109003,3
Felucca,11,26,210900,1,2109001,0
Felucca,11,27,210900,1,2109001,0
Felucca,11,28,210900,1,2109001,0
Felucca,11,30,210900,1,2109001,0
Felucca,11,32,0,0,0,0
Felucca,12,0,0,0,0,0
Felucca,12,1,0,0,0,1
Felucca,12,2,0,0,0,4
Felucca,12,3,0,0,0,10
Felucca,12,4,0,0,0,25
Felucca,12,5,0,0,0,21
Felucca,12,6,0,0,0,19
Felucca,12,7,0,0,0,13
Felucca,12,8,0,0,0,23
Felucca,12,9,0,0,0,14
Felucca,12,10,0,3,2101003,18
Felucca,12,11,210100,2,2101002,6
Felucca,12,14,210100,2,2101002,5
Felucca,12,15,0,3,2101003,3
Felucca,12,16,0,0,0,17
Felucca,12,17,0,0,0,21
Felucca,12,18,0,3,2308003,19
Felucca,12,19,230800,2,2308002,30
Felucca,12,20,0,3,2308003,25
Felucca,12,21,0,0,0,26
Felucca,12,22,0,0,0,14
Felucca,12,23,0,0,0,13
Felucca,12,24,0,0,0,16
Felucca,12,25,0,3,2109003,11
Felucca,12,26,210900,2,2109002,15
Felucca,12,27,210900,2,2109002,9
Felucca,12,28,210900,1,2109001,0
Felucca,12,29,210900,1,2109001,0
Felucca,12,30,210900,1,2109001,0
Felucca,12,31,210900,1,2109001,0
Felucca,12,32,0,0,0,0
Felucca,13,0,0,0,0,0
Felucca,13,1,0,0,0,12
Felucca,13,2,0,0,0,13
Felucca,13,3,0,0,0,24
Felucca,13,4,0,0,0,31
Felucca,13,5,0,0,0,29
Felucca,13,6,0,0,0,22
Felucca,13,7,0,0,0,10
Felucca,13,8,0,0,0,6
Felucca,13,9,0,0,0,23
Felucca,13,10,0,3,2101003,32
Felucca,13,11,210100,2,2101002,27
Felucca,13,14,210100,1,2101001,0
Felucca,13,15,0,3,2101003,7
Felucca,13,16,0,0,0,4
Felucca,13,17,0,0,0,25
Felucca,13,18,0,3,2308003,26
Felucca,13,19,0,3,2308003,21
Felucca,13,20,0,3,2308003,13
Felucca,13,21,0,0,0,24
Felucca,13,22,0,0,0,12
Felucca,13,23,0,0,0,6
Felucca,13,24,0,0,0,19
Felucca,13,25,0,3,2109003,19
Felucca,13,26,210900,2,2109002,15
Felucca,13,27,210900,2,2109002,12
Felucca,13,28,210900,1,2109001,0
Felucca,13,29,210900,1,2109001,0
Felucca,13,30,210900,1,2109001,0
Felucca,13,31,210900,1,2109001,0
Felucca,13,32,0,0,0,0
Felucca,14,0,0,0,0,0
Felucca,14,1,0,0,0,13
Felucca,14,2,0,0,0,14
Felucca,14,3,0,0,0,21
Felucca,14,4,0,0,0,21
Felucca,14,5,0,0,0,20
Felucca,14,6,0,0,0,22
Felucca,14,7,0,0,0,21
Felucca,14,8,0,0,0,24
Felucca,14,9,0,0,0,21
Felucca,14,10,0,3,2101003,23
Felucca,14,11,0,3,2101003,22
Felucca,14,12,0,3,2101003,6
Felucca,14,13,0,0,0,0
Felucca,14,14,0,0,0,0
Felucca,14,15,0,0,0,0
Felucca,14,16,0,0,0,14
Felucca,14,17,0,0,0,29
Felucca,14,18,0,0,0,57
Felucca,14,19,0,0,0,29
Felucca,14,20,0,0,0,8
Felucca,14,23,0,0,0,28
Felucca,14,24,0,0,0,21
Felucca,14,25,0,3,2109003,19
Felucca,14,26,210900,2,2109002,7
Felucca,14,27,210900,2,2109002,9
Felucca,14,28,210900,1,2109001,0
Felucca,14,29,210900,1,2109001,0
Felucca,14,30,210900,1,2109001,0
Felucca,14,31,210900,1,2109001,0
Felucca,14,32,0,0,0,0
Felucca,15,0,0,0,0,21
Felucca,15,1,0,0,0,11
Felucca,15,2,0,0,0,8
Felucca,15,3,0,0,0,13
Felucca,15,4,0,0,0,32
Felucca,15,5,0,0,0,25
Felucca,15,6,0,0,0,25
Felucca,15,7,0,0,0,43
Felucca,15,8,0,0,0,40
Felucca,15,9,0,0,0,26
Felucca,15,10,0,0,0,22
Felucca,15,11,0,0,0,21
Felucca,15,12,0,0,0,4
Felucca,15,13,0,0,0,0
Felucca,15,14,0,0,0,0
Felucca,15,15,0,0,0,10
Felucca,15,16,0,0,0,10
Felucca,15,17,0,0,0,25
Felucca,15,18,0,0,0,38
Felucca,15,19,0,0,0,0
Felucca,15,20,0,0,0,0
Felucca,15,23,0,3,2106003,13
Felucca,15,24,0,0,0,18
Felucca,15,25,0,3,2109003,5
Felucca,15,26,210900,2,2109002,16
Felucca,15,27,210900,2,2109002,2
Felucca,15,28,210900,1,2109001,0
Felucca,15,29,210900,1,2109001,0
Felucca,15,30,210900,1,2109001,0
Felucca,15,31,210900,1,2109001,0
Felucca,15,32,0,0,0,0
Felucca,16,0,0,0,0,20
Felucca,16,1,0,0,0,22
Felucca,16,2,0,0,0,11
Felucca,16,3,0,0,0,19
Felucca,16,4,0,0,0,29
Felucca,16,5,0,0,0,36
Felucca,16,6,0,0,0,30
Felucca,16,7,0,0,0,24
Felucca,16,8,0,0,0,12
Felucca,16,9,0,0,0,13
Felucca,16,10,0,0,0,2
Felucca,16,11,0,0,0,0
Felucca,16,12,0,0,0,0
Felucca,16,13,0,0,0,0
Felucca,16,14,0,0,0,0
Felucca,16,15,0,0,0,14
Felucca,16,16,0,0,0,27
Felucca,16,17,0,0,0,13
Felucca,16,18,0,0,0,21
Felucca,16,19,0,0,0,0
Felucca,16,20,0,3,2106003,1
Felucca,16,21,210600,2,2106002,3
Felucca,16,22,210600,1,2106001,0
Felucca,16,23,0,3,2106003,1
Felucca,16,24,0,0,0,14
Felucca,16,25,0,3,2109003,9
Felucca,16,26,0,3,2109003,14
Felucca,16,27,0,3,2109003,2
Felucca,16,28,0,3,2109003,8
Felucca,16,29,0,0,0,0
Felucca,16,30,0,3,2109003,7
Felucca,16,31,0,3,2109003,3
Felucca,16,32,0,0,0,0
Felucca,17,0,0,0,0,0
Felucca,17,1,0,0,0,0
Felucca,17,2,0,0,0,7
Felucca,17,3,0,0,0,12
Felucca,17,4,0,0,0,22
Felucca,17,5,0,0,0,12
Felucca,17,6,0,0,0,29
Felucca,17,7,0,0,0,18
Felucca,17,8,0,0,0,11
Felucca,17,10,0,0,0,2
Felucca,17,11,0,0,0,0
Felucca,17,12,0,0,0,0
Felucca,17,13,0,0,0,0
Felucca,17,14,0,0,0,0
Felucca,17,15,0,0,0,1
Felucca,17,16,0,0,0,5
Felucca,17,17,0,0,0,0
Felucca,17,18,0,0,0,0
Felucca,17,19,0,0,0,0
Felucca,17,20,0,0,0,0
Felucca,17,21,0,0,0,0
Felucca,17,22,0,0,0,0
Felucca,17,23,0,0,0,0
Felucca,17,24,0,0,0,0
Felucca,17,25,0,0,0,0
Felucca,17,26,0,0,0,3
Felucca,17,27,0,0,0,0
Felucca,17,28,0,0,0,0
Felucca,17,29,0,0,0,0
Felucca,17,30,0,0,0,0
Felucca,17,31,0,0,0,0
Felucca,17,32,0,0,0,0
Felucca,18,0,0,3,2103003,5
Felucca,18,1,0,3,2103003,9
Felucca,18,2,0,0,0,0
Felucca,18,3,0,0,0,0
Felucca,18,4,0,0,0,4
Felucca,18,5,0,0,0,28
Felucca,18,6,0,0,0,12
Felucca,18,7,0,0,0,13
Felucca,18,8,0,0,0,25
Felucca,18,9,0,0,0,29
Felucca,18,10,0,0,0,0
Felucca,18,11,0,0,0,0
Felucca,18,12,0,0,0,0
Felucca,18,13,0,0,0,0
Felucca,18,14,0,0,0,0
Felucca,18,15,0,0,0,0
Felucca,18,16,0,0,0,0
Felucca,18,17,0,0,0,0
Felucca,18,18,0,0,0,0
Felucca,18,19,0,0,0,0
Felucca,18,20,0,0,0,0
Felucca,18,21,0,0,0,0
Felucca,18,22,0,0,0,0
Felucca,18,23,0,0,0,0
Felucca,18,24,0,0,0,0
Felucca,18,25,0,0,0,0
Felucca,18,26,0,0,0,6
Felucca,18,27,0,0,0,6
Felucca,18,28,0,0,0,0
Felucca,18,29,0,0,0,0
Felucca,18,30,0,0,0,0
Felucca,18,31,0,0,0,0
Felucca,18,32,0,0,0,0
Felucca,19,0,210300,2,2103002,13
Felucca,19,1,210300,2,2103002,21
Felucca,19,2,210300,2,2103002,6
Felucca,19,5,0,3,2103003,5
Felucca,19,6,0,0,0,17
Felucca,19,7,0,0,0,1
Felucca,19,8,0,0,0,23
Felucca,19,9,0,0,0,32
Felucca,19,10,0,0,0,0
Felucca,19,11,0,0,0,0
Felucca,19,12,0,0,0,0
Felucca,19,13,0,0,0,0
Felucca,19,14,0,0,0,0
Felucca,19,15,0,0,0,0
Felucca,19,16,0,0,0,0
Felucca,19,17,0,0,0,0
Felucca,19,18,0,0,0,0
Felucca,19,19,0,0,0,0
Felucca,19,20,0,0,0,0
Felucca,19,21,0,0,0,0
Felucca,19,22,0,0,0,0
Felucca,19,23,0,0,0,0
Felucca,19,24,0,0,0,0
Felucca,19,25,0,0,0,0
Felucca,19,26,0,0,0,0
Felucca,19,27,0,0,0,2
Felucca,19,28,0,0,0,5
Felucca,19,29,0,0,0,0
Felucca,19,30,0,0,0,4
Felucca,19,31,0,0,0,3
Felucca,19,32,0,0,0,0
Felucca,20,0,210300,2,2103002,19
Felucca,20,1,210300,2,2103002,13
Felucca,20,2,210300,2,2103002,22
Felucca,20,3,210300,2,2103002,9
Felucca,20,4,210300,2,2103002,6
Felucca,20,5,0,3,2103003,25
Felucca,20,6,0,3,2107003,17
Felucca,20,7,0,3,2107003,15
Felucca,20,8,0,0,0,21
Felucca,20,9,0,0,0,22
Felucca,20,10,0,0,0,0
Felucca,20,11,0,0,0,0
Felucca,20,12,0,0,0,0
Felucca,20,13,0,0,0,0
Felucca,20,14,0,0,0,0
Felucca,20,15,0,0,0,0
Felucca,20,18,0,0,0,0
Felucca,20,19,0,0,0,0
Felucca,20,20,0,0,0,0
Felucca,20,21,0,0,0,0
Felucca,20,22,0,0,0,0
Felucca,20,23,0,0,0,0
Felucca,20,24,0,0,0,0
Felucca,20,25,0,0,0,0
Felucca,20,26,0,0,0,0
Felucca,20,27,0,0,0,0
Felucca,20,28,0,0,0,0
Felucca,20,29,0,0,0,0
Felucca,20,30,0,0,0,0
Felucca,20,31,0,0,0,0
Felucca,20,32,0,0,0,0
Felucca,21,0,0,3,2103003,2
Felucca,21,1,0,3,2103003,5
Felucca,21,2,0,3,2103003,25
Felucca,21,3,0,3,2103003,36
Felucca,21,4,0,3,2103003,22
Felucca,21,5,210700,2,2107002,33
Felucca,21,6,210700,2,2107002,21
Felucca,21,8,0,0,0,15
Felucca,21,9,0,0,0,0
Felucca,21,10,0,0,0,0
Felucca,21,11,0,0,0,0
Felucca,21,12,0,0,0,0
Felucca,21,13,0,0,0,0
Felucca,21,14,0,0,0,0
Felucca,21,15,0,0,0,2
Felucca,21,18,0,0,0,0
Felucca,21,19,0,0,0,0
Felucca,21,20,0,0,0,0
Felucca,21,21,0,0,0,0
Felucca,21,22,0,0,0,0
Felucca,21,23,0,0,0,0
Felucca,21,24,0,0,0,0
Felucca,21,25,0,0,0,0
Felucca,21,26,0,0,0,0
Felucca,21,27,0,0,0,3
Felucca,21,28,0,0,0,0
Felucca,21,29,0,0,0,0
Felucca,21,30,0,0,0,0
Felucca,21,31,0,0,0,0
Felucca,21,32,0,0,0,0
Felucca,22,0,0,0,0,15
Felucca,22,1,0,0,0,8
Felucca,22,2,0,0,0,29
Felucca,22,3,0,0,0,37
Felucca,22,4,0,3,2107003,28
Felucca,22,8,0,0,0,0
Felucca,22,9,0,0,0,0
Felucca,22,10,0,0,0,0
Felucca,22,11,0,0,0,0
Felucca,22,12,0,0,0,0
Felucca,22,13,0,0,0,0
Felucca,22,14,0,0,0,0
Felucca,22,15,0,0,0,0
Felucca,22,16,0,0,0,0
Felucca,22,17,0,0,0,0
Felucca,22,18,0,0,0,0
Felucca,22,19,0,0,0,0
Felucca,22,20,0,0,0,0
Felucca,22,21,0,0,0,0
Felucca,22,22,0,0,0,0
Felucca,22,23,0,0,0,0
Felucca,22,24,0,0,0,0
Felucca,22,25,0,0,0,0
Felucca,22,27,0,0,0,6
Felucca,22,28,0,0,0,0
Felucca,22,29,0,0,0,0
Felucca,22,30,0,0,0,0
Felucca,22,31,0,0,0,0
Felucca,22,32,0,0,0,0
Felucca,23,0,0,0,0,10
Felucca,23,1,0,0,0,24
Felucca,23,2,0,0,0,24
Felucca,23,3,0,0,0,15
Felucca,23,4,0,0,0,29
Felucca,23,8,0,0,0,0
Felucca,23,9,0,0,0,0
Felucca,23,10,0,0,0,0
Felucca,23,11,0,0,0,0
Felucca,23,12,0,0,0,0
Felucca,23,13,0,0,0,0
Felucca,23,14,0,0,0,0
Felucca,23,15,0,0,0,0
Felucca,23,16,0,0,0,0
Felucca,23,17,0,0,0,0
Felucca,23,18,0,0,0,0
Felucca,23,19,0,0,0,0
Felucca,23,20,0,0,0,0
Felucca,23,21,0,0,0,0
Felucca,23,22,0,0,0,0
Felucca,23,23,0,0,0,0
Felucca,23,24,0,0,0,0
Felucca,23,25,0,0,0,0
Felucca,23,27,0,0,0,1
Felucca,23,28,0,0,0,2
Felucca,23,29,0,0,0,0
Felucca,23,30,0,0,0,0
Felucca,23,31,0,0,0,0
Felucca,23,32,0,0,0,0
Felucca,24,0,0,0,0,16
Felucca,24,1,0,0,0,17
Felucca,24,2,0,0,0,15
Felucca,24,3,0,0,0,23
Felucca,24,4,0,0,0,23
Felucca,24,5,0,0,0,13
Felucca,24,6,0,0,0,4
Felucca,24,7,0,0,0,0
Felucca,24,8,0,0,0,0
Felucca,24,9,0,0,0,0
Felucca,24,10,0,0,0,0
Felucca,24,11,0,0,0,0
Felucca,24,12,0,0,0,0
Felucca,24,13,0,0,0,0
Felucca,24,14,0,0,0,0
Felucca,24,15,0,0,0,0
Felucca,24,16,0,0,0,0
Felucca,24,17,0,0,0,0
Felucca,24,18,0,0,0,0
Felucca,24,19,0,0,0,0
Felucca,24,20,0,0,0,0
Felucca,24,21,0,0,0,0
Felucca,24,22,0,0,0,0
Felucca,24,23,0,0,0,0
Felucca,24,24,0,0,0,0
Felucca,24,25,0,0,0,0
Felucca,24,26,0,0,0,0
Felucca,24,27,0,0,0,0
Felucca,24,28,0,0,0,0
Felucca,24,29,0,0,0,0
Felucca,24,30,0,0,0,0
Felucca,24,31,0,0,0,0
Felucca,24,32,0,0,0,0
Felucca,25,0,0,0,0,9
Felucca,25,1,0,0,0,18
Felucca,25,2,0,0,0,23
Felucca,25,3,0,0,0,19
Felucca,25,4,0,0,0,23
Felucca,25,5,0,0,0,14
Felucca,25,6,0,0,0,0
Felucca,25,7,0,0,0,0
Felucca,25,8,0,0,0,0
Felucca,25,9,0,0,0,0
Felucca,25,10,0,0,0,0
Felucca,25,11,0,0,0,0
Felucca,25,12,0,0,0,0
Felucca,25,13,0,0,0,0
Felucca,25,14,0,0,0,0
Felucca,25,15,0,0,0,0
Felucca,25,16,0,0,0,0
Felucca,25,17,0,0,0,0
Felucca,25,18,0,0,0,0
Felucca,25,19,0,0,0,0
Felucca,25,20,0,0,0,0
Felucca,25,21,0,0,0,0
Felucca,25,22,0,0,0,0
Felucca,25,23,0,0,0,0
Felucca,25,24,0,0,0,0
Felucca,25,25,0,0,0,0
Felucca,25,26,0,0,0,0
Felucca,25,27,0,0,0,0
Felucca,25,28,0,0,0,0
Felucca,25,29,0,0,0,0
Felucca,25,30,0,0,0,0
Felucca,25,31,0,0,0,0
Felucca,25,32,0,0,0,0
Felucca,26,0,0,0,0,3
Felucca,26,1,0,0,0,19
Felucca,26,2,0,0,0,25
Felucca,26,3,0,0,0,18
Felucca,26,4,0,0,0,17
Felucca,26,5,0,0,0,6
Felucca,26,6,0,0,0,0
Felucca,26,7,0,0,0,0
Felucca,26,8,0,0,0,0
Felucca,26,9,0,0,0,0
Felucca,26,10,0,0,0,0
Felucca,26,11,0,0,0,0
Felucca,26,12,0,0,0,0
Felucca,26,13,0,0,0,0
Felucca,26,14,0,0,0,0
Felucca,26,15,0,0,0,0
Felucca,26,16,0,0,0,0
Felucca,26,17,0,0,0,0
Felucca,26,18,0,0,0,0
Felucca,26,19,0,0,0,3
Felucca,26,20,0,0,0,17
Felucca,26,21,0,0,0,8
Felucca,26,22,0,0,0,0
Felucca,26,23,0,0,0,0
Felucca,26,24,0,0,0,0
Felucca,26,25,0,0,0,0
Felucca,26,26,0,0,0,0
Felucca,26,27,0,0,0,0
Felucca,26,28,0,0,0,0
Felucca,26,29,0,0,0,0
Felucca,26,30,0,0,0,0
Felucca,26,31,0,0,0,0
Felucca,26,32,0,0,0,0
Felucca,27,0,0,0,0,0
Felucca,27,1,0,0,0,6
Felucca,27,2,0,0,0,11
Felucca,27,3,0,0,0,3
Felucca,27,4,0,0,0,4
Felucca,27,5,0,0,0,0
Felucca,27,6,0,0,0,0
Felucca,27,7,0,0,0,0
Felucca,27,11,0,0,0,0
Felucca,27,12,0,0,0,0
Felucca,27,13,0,0,0,0
Felucca,27,14,0,0,0,0
Felucca,27,15,0,0,0,0
Felucca,27,16,0,3,2102003,2
Felucca,27,17,0,0,0,0
Felucca,27,18,0,3,2102003,10
Felucca,27,19,0,0,0,34
Felucca,27,20,0,0,0,17
Felucca,27,21,0,0,0,11
Felucca,27,22,0,0,0,5
Felucca,27,23,0,0,0,0
Felucca,27,24,0,0,0,0
Felucca,27,25,0,0,0,0
Felucca,27,26,0,0,0,0
Felucca,27,27,0,0,0,0
Felucca,27,28,0,0,0,0
Felucca,27,29,0,0,0,0
Felucca,27,30,0,0,0,0
Felucca,27,31,0,0,0,0
Felucca,27,32,0,0,0,0
Felucca,28,0,0,0,0,0
Felucca,28,1,0,0,0,0
Felucca,28,2,0,0,0,0
Felucca,28,3,0,0,0,0
Felucca,28,4,0,0,0,0
Felucca,28,5,0,0,0,0
Felucca,28,6,0,0,0,0
Felucca,28,7,0,0,0,0
Felucca,28,11,0,0,0,0
Felucca,28,12,0,0,0,0
Felucca,28,13,0,0,0,0
Felucca,28,14,0,0,0,0
Felucca,28,15,0,3,2102003,2
Felucca,28,16,210200,2,2102002,1
Felucca,28,17,210200,1,2102001,0
Felucca,28,18,0,3,2102003,5
Felucca,28,21,0,0,0,13
Felucca,28,22,0,0,0,11
Felucca,28,23,0,0,0,0
Felucca,28,24,0,0,0,0
Felucca,28,25,0,0,0,0
Felucca,28,26,0,0,0,0
Felucca,28,27,0,0,0,0
Felucca,28,28,0,0,0,0
Felucca,28,29,0,0,0,0
Felucca,28,30,0,0,0,0
Felucca,28,31,0,0,0,0
Felucca,28,32,0,0,0,0
Felucca,29,0,0,0,0,0
Felucca,29,1,0,0,0,0
Felucca,29,2,0,0,0,0
Felucca,29,3,0,0,0,0
Felucca,29,4,0,0,0,0
Felucca,29,5,0,0,0,0
Felucca,29,6,0,0,0,0
Felucca,29,7,0,0,0,0
Felucca,29,11,0,0,0,0
Felucca,29,12,0,0,0,0
Felucca,29,13,0,0,0,0
Felucca,29,14,0,0,0,0
Felucca,29,15,0,3,2102003,3
Felucca,29,17,210200,1,2102001,0
Felucca,29,18,0,0,0,0
Felucca,29,19,0,0,0,5
Felucca,29,20,0,0,0,0
Felucca,29,22,0,0,0,0
Felucca,29,23,0,0,0,0
Felucca,29,24,0,0,0,0
Felucca,29,25,0,0,0,0
Felucca,29,26,0,0,0,0
Felucca,29,27,0,0,0,0
Felucca,29,28,0,0,0,0
Felucca,29,29,0,0,0,0
Felucca,29,30,0,0,0,0
Felucca,29,31,0,0,0,0
Felucca,29,32,0,0,0,0
Felucca,30,0,0,0,0,0
Felucca,30,1,0,0,0,11
Felucca,30,2,0,0,0,9
Felucca,30,3,0,0,0,10
Felucca,30,4,0,0,0,3
Felucca,30,5,0,0,0,0
Felucca,30,6,0,0,0,0
Felucca,30,7,0,0,0,0
Felucca,30,8,0,0,0,0
Felucca,30,9,0,0,0,0
Felucca,30,10,0,0,0,0
Felucca,30,11,0,0,0,0
Felucca,30,12,0,0,0,0
Felucca,30,13,0,0,0,0
Felucca,30,14,0,0,0,0
Felucca,30,15,0,0,0,0
Felucca,30,16,0,0,0,0
Felucca,30,17,0,0,0,0
Felucca,30,18,0,0,0,0
Felucca,30,19,0,0,0,0
Felucca,30,20,0,0,0,0
Felucca,30,21,0,0,0,0
Felucca,30,22,0,0,0,0
Felucca,30,23,0,0,0,0
Felucca,30,24,0,0,0,0
Felucca,30,25,0,0,0,0
Felucca,30,26,0,0,0,0
Felucca,30,27,0,0,0,0
Felucca,30,28,0,0,0,0
Felucca,30,29,0,0,0,0
Felucca,30,30,0,0,0,0
Felucca,30,31,0,0,0,0
Felucca,30,32,0,0,0,0
Felucca,31,0,0,0,0,0
Felucca,31,1,0,0,0,8
Felucca,31,2,0,0,0,10
Felucca,31,3,0,0,0,9
Felucca,31,4,0,0,0,13
Felucca,31,5,0,0,0,0
Felucca,31,6,0,0,0,0
Felucca,31,7,0,0,0,0
Felucca,31,8,0,0,0,0
Felucca,31,9,0,0,0,0
Felucca,31,10,0,0,0,0
Felucca,31,11,0,0,0,0
Felucca,31,12,0,0,0,0
Felucca,31,13,0,0,0,0
Felucca,31,14,0,0,0,0
Felucca,31,15,0,0,0,0
Felucca,31,16,0,0,0,0
Felucca,31,17,0,0,0,0
Felucca,31,18,0,0,0,0
Felucca,31,19,0,0,0,0
Felucca,31,20,0,0,0,0
Felucca,31,21,0,0,0,0
Felucca,31,22,0,0,0,0
Felucca,31,23,0,0,0,0
Felucca,31,24,0,0,0,0
Felucca,31,25,0,0,0,0
Felucca,31,26,0,0,0,0
Felucca,31,27,0,0,0,0
Felucca,31,28,0,0,0,0
Felucca,31,29,0,0,0,0
Felucca,31,30,0,0,0,0
Felucca,31,31,0,0,0,0
Felucca,31,32,0,0,0,0
Felucca,32,0,0,0,0,0
Felucca,32,1,0,0,0,0
Felucca,32,2,0,0,0,9
Felucca,32,3,0,0,0,14
Felucca,32,4,0,0,0,12
Felucca,32,5,0,0,0,8
Felucca,32,6,0,0,0,0
Felucca,32,7,0,0,0,0
Felucca,32,8,0,0,0,0
Felucca,32,9,0,0,0,0
Felucca,32,10,0,0,0,0
Felucca,32,11,0,0,0,0
Felucca,32,12,0,0,0,0
Felucca,32,13,0,0,0,0
Felucca,32,14,0,0,0,0
Felucca,32,15,0,0,0,0
Felucca,32,16,0,0,0,0
Felucca,32,17,0,0,0,0
Felucca,32,18,0,0,0,0
Felucca,32,19,0,0,0,0
Felucca,32,20,0,0,0,0
Felucca,32,21,0,0,0,0
Felucca,32,22,0,0,0,0
Felucca,32,23,0,0,0,0
Felucca,32,24,0,0,0,0
Felucca,32,25,0,0,0,0
Felucca,32,26,0,0,0,0
Felucca,32,27,0,0,0,0
Felucca,32,28,0,0,0,3
Felucca,32,29,0,0,0,5
Felucca,32,30,0,0,0,0
Felucca,32,31,0,0,0,0
Felucca,32,32,0,0,0,0
Felucca,33,0,0,0,0,0
Felucca,33,1,0,0,0,0
Felucca,33,2,0,0,0,0
Felucca,33,3,0,0,0,1
Felucca,33,4,0,0,0,5
Felucca,33,5,0,0,0,6
Felucca,33,6,0,0,0,0
Felucca,33,8,210400,2,2104002,15
Felucca,33,9,210400,2,2104002,5
Felucca,33,10,210400,1,2104001,0
Felucca,33,11,210400,1,2104001,0
Felucca,33,12,0,0,0,0
Felucca,33,13,0,0,0,0
Felucca,33,14,0,0,0,0
Felucca,33,15,0,0,0,0
Felucca,33,16,0,0,0,0
Felucca,33,17,0,0,0,0
Felucca,33,18,0,0,0,0
Felucca,33,19,0,0,0,0
Felucca,33,20,0,0,0,0
Felucca,33,21,0,0,0,0
Felucca,33,22,0,0,0,0
Felucca,33,23,0,0,0,0
Felucca,33,24,0,0,0,0
Felucca,33,25,0,0,0,0
Felucca,33,26,0,0,0,0
Felucca,33,27,0,0,0,0
Felucca,33,28,0,0,0,9
Felucca,33,29,0,0,0,8
Felucca,33,30,0,0,0,0
Felucca,33,31,0,0,0,0
Felucca,33,32,0,0,0,0
Felucca,34,0,0,0,0,0
Felucca,34,1,0,0,0,0
Felucca,34,2,0,0,0,0
Felucca,34,3,0,0,0,0
Felucca,34,4,0,0,0,0
Felucca,34,5,0,0,0,0
Felucca,34,6,0,0,0,0
Felucca,34,7,210400,2,2104002,4
Felucca,34,10,210400,2,2104002,8
Felucca,34,12,0,3,2104003,1
Felucca,34,13,0,0,0,0
Felucca,34,14,0,0,0,0
Felucca,34,15,0,0,0,0
Felucca,34,16,0,0,0,0
Felucca,34,17,0,0,0,0
Felucca,34,18,0,0,0,0
Felucca,34,19,0,0,0,0
Felucca,34,20,0,0,0,0
Felucca,34,21,0,0,0,0
Felucca,34,22,0,0,0,0
Felucca,34,23,0,0,0,0
Felucca,34,24,0,0,0,11
Felucca,34,25,0,0,0,9
Felucca,34,26,0,0,0,8
Felucca,34,27,0,0,0,8
Felucca,34,28,0,0,0,9
Felucca,34,29,0,0,0,8
Felucca,34,30,0,0,0,6
Felucca,34,31,0,0,0,0
Felucca,34,32,0,0,0,0
Felucca,35,0,0,0,0,0
Felucca,35,1,0,0,0,0
Felucca,35,2,0,0,0,0
Felucca,35,3,0,0,0,0
Felucca,35,4,0,0,0,0
Felucca,35,5,0,0,0,0
Felucca,35,6,0,0,0,0
Felucca,35,8,210400,2,2104002,12
Felucca,35,9,210400,2,2104002,19
Felucca,35,10,210400,2,2104002,22
Felucca,35,11,210400,2,2104002,17
Felucca,35,12,0,0,0,0
Felucca,35,13,0,0,0,0
Felucca,35,14,0,0,0,0
Felucca,35,15,0,0,0,0
Felucca,35,16,0,0,0,0
Felucca,35,17,0,0,0,0
Felucca,35,18,0,0,0,0
Felucca,35,19,0,0,0,0
Felucca,35,20,0,0,0,0
Felucca,35,21,0,0,0,0
Felucca,35,22,0,0,0,0
Felucca,35,23,0,0,0,0
Felucca,35,24,0,0,0,10
Felucca,35,25,0,0,0,14
Felucca,35,26,0,0,0,13
Felucca,35,27,0,0,0,17
Felucca,35,28,0,0,0,6
Felucca,35,29,0,0,0,7
Felucca,35,30,0,0,0,6
Felucca,35,31,0,0,0,2
Felucca,35,32,0,0,0,0
Felucca,36,0,0,0,0,0
Felucca,36,1,0,0,0,0
Felucca,36,2,0,0,0,0
Felucca,36,3,0,0,0,0
Felucca,36,4,0,0,0,0
Felucca,36,5,0,0,0,0
Felucca,36,6,0,0,0,0
Felucca,36,7,210400,1,2104001,0
Felucca,36,8,210400,2,2104002,5
Felucca,36,9,210400,2,2104002,10
Felucca,36,10,210400,2,2104002,11
Felucca,36,11,210400,2,2104002,12
Felucca,36,12,0,0,0,0
Felucca,36,13,0,0,0,0
Felucca,36,14,0,0,0,0
Felucca,36,15,0,0,0,0
Felucca,36,16,0,0,0,0
Felucca,36,17,0,0,0,0
Felucca,36,18,0,0,0,0
Felucca,36,19,0,0,0,0
Felucca,36,20,0,0,0,0
Felucca,36,21,0,0,0,0
Felucca,36,22,0,0,0,0
Felucca,36,23,0,0,0,0
Felucca,36,24,0,0,0,0
Felucca,36,25,0,0,0,2
Felucca,36,26,0,0,0,13
Felucca,36,27,0,0,0,6
Felucca,36,28,0,0,0,2
Felucca,36,29,0,0,0,5
Felucca,36,30,0,0,0,2
Felucca,36,31,0,0,0,0
Felucca,36,32,0,0,0,0
Felucca,37,0,0,0,0,0
Felucca,37,1,0,0,0,0
Felucca,37,2,0,0,0,0
Felucca,37,3,0,0,0,0
Felucca,37,4,0,0,0,0
Felucca,37,5,0,0,0,0
Felucca,37,6,0,0,0,0
Felucca,37,7,0,0,0,0
Felucca,37,8,0,0,0,0
Felucca,37,9,0,0,0,0
Felucca,37,10,0,0,0,0
Felucca,37,11,0,0,0,0
Felucca,37,12,0,0,0,0
Felucca,37,13,0,0,0,0
Felucca,37,14,0,0,0,0
Felucca,37,15,0,0,0,0
Felucca,37,16,0,0,0,0
Felucca,37,17,0,0,0,0
Felucca,37,18,0,0,0,0
Felucca,37,19,0,0,0,0
Felucca,37,20,0,0,0,0
Felucca,37,21,0,0,0,0
Felucca,37,22,0,0,0,0
Felucca,37,23,0,0,0,0
Felucca,37,24,0,0,0,0
Felucca,37,25,0,0,0,0
Felucca,37,26,0,0,0,0
Felucca,37,27,0,0,0,6
Felucca,37,28,0,0,0,8
Felucca,37,29,0,0,0,10
Felucca,37,30,0,0,0,2
Felucca,37,31,0,0,0,0
Felucca,37,32,0,0,0,0
Felucca,38,0,0,0,0,0
Felucca,38,1,0,0,0,0
Felucca,38,2,0,0,0,0
Felucca,38,3,0,0,0,0
Felucca,38,4,0,0,0,0
Felucca,38,5,0,0,0,0
Felucca,38,6,0,0,0,0
Felucca,38,7,0,0,0,0
Felucca,38,8,0,0,0,0
Felucca,38,9,0,0,0,0
Felucca,38,10,0,0,0,0
Felucca,38,11,0,0,0,0
Felucca,38,12,0,0,0,0
Felucca,38,13,0,0,0,0
Felucca,38,14,0,0,0,0
Felucca,38,15,0,0,0,0
Felucca,38,16,0,0,0,0
Felucca,38,17,0,0,0,0
Felucca,38,18,0,0,0,0
Felucca,38,19,0,0,0,0
Felucca,38,20,0,0,0,0
Felucca,38,21,0,0,0,0
Felucca,38,22,0,0,0,0
Felucca,38,23,0,0,0,0
Felucca,38,24,0,0,0,0
Felucca,38,25,0,0,0,0
Felucca,38,26,0,0,0,0
Felucca,38,27,0,0,0,0
Felucca,38,28,0,0,0,0
Felucca,38,29,0,0,0,0
Felucca,38,30,0,0,0,0
Felucca,38,31,0,0,0,0
Felucca,38,32,0,0,0,0
Felucca,39,0,0,0,0,0
Felucca,39,1,0,0,0,0
Felucca,39,2,0,0,0,0
Felucca,39,3,0,0,0,0
Felucca,39,4,0,0,0,0
Felucca,39,5,0,0,0,0
Felucca,39,6,0,0,0,0
Felucca,39,7,0,0,0,0
Felucca,39,8,0,0,0,0
Felucca,39,9,0,0,0,0
Felucca,39,10,0,0,0,0
Felucca,39,11,0,0,0,0
Felucca,39,12,0,0,0,0
Felucca,39,13,0,0,0,0
Felucca,39,14,0,0,0,0
Felucca,39,15,0,0,0,0
Felucca,39,16,0,0,0,0
Felucca,39,17,0,0,0,0
Felucca,39,18,0,0,0,0
Felucca,39,19,0,0,0,0
Felucca,39,20,0,0,0,0
Felucca,39,21,0,0,0,0
Felucca,39,22,0,0,0,0
Felucca,39,23,0,0,0,0
Felucca,39,24,0,0,0,0
Felucca,39,25,0,0,0,0
Felucca,39,26,0,0,0,0
Felucca,39,27,0,0,0,0
Felucca,39,28,0,0,0,0
Felucca,39,29,0,0,0,0
Felucca,39,30,0,0,0,0
Felucca,39,31,0,0,0,0
Felucca,39,32,0,0,0,0
Felucca,40,1,211200,1,2112001,0
Felucca,40,2,0,3,2112003,7
Felucca,40,3,0,0,0,1
Felucca,40,8,0,0,0,0
Felucca,40,9,0,0,0,0
Felucca,40,10,0,0,0,20
Felucca,40,11,0,0,0,15
Felucca,40,14,0,0,0,6
Felucca,40,15,0,0,0,3
Felucca,40,16,0,0,0,1
Felucca,40,17,0,0,0,0
Felucca,40,18,0,0,0,15
Felucca,40,19,0,0,0,2
Felucca,40,20,0,0,0,0
Felucca,40,21,0,0,0,0
Felucca,40,22,0,0,0,5
Felucca,40,23,0,0,0,2
Felucca,40,24,0,0,0,3
Felucca,40,25,0,0,0,8
Felucca,40,26,0,0,0,5
Felucca,40,27,0,0,0,17
Felucca,40,28,0,0,0,1
Felucca,40,29,0,0,0,12
Felucca,40,30,0,0,0,11
Felucca,40,32,0,0,0,0
Felucca,41,1,0,0,0,0
Felucca,41,2,0,3,2112003,4
Felucca,41,3,0,0,0,1
Felucca,41,8,0,0,0,0
Felucca,41,9,0,0,0,0
Felucca,41,11,0,0,0,10
Felucca,41,14,0,0,0,7
Felucca,41,16,0,0,0,1
Felucca,41,17,0,0,0,0
Felucca,41,18,0,0,0,2
Felucca,41,19,0,0,0,0
Felucca,41,20,0,0,0,1
Felucca,41,21,0,0,0,0
Felucca,41,22,0,0,0,0
Felucca,41,23,0,0,0,0
Felucca,41,24,0,0,0,4
Felucca,41,25,0,0,0,2
Felucca,41,26,0,0,0,10
Felucca,41,27,0,0,0,18
Felucca,41,28,0,0,0,15
Felucca,41,29,0,0,0,15
Felucca,41,30,0,0,0,17
Felucca,41,32,0,0,0,0
Felucca,42,2,0,0,0,21
Felucca,42,3,0,0,0,22
Felucca,42,12,0,0,0,17
Felucca,42,13,0,0,0,1
Felucca,42,16,0,0,0,2
Felucca,42,17,0,0,0,0
Felucca,42,18,0,0,0,14
Felucca,42,19,0,0,0,2
Felucca,42,20,0,0,0,10
Felucca,42,21,0,0,0,10
Felucca,42,22,0,0,0,7
Felucca,42,23,0,0,0,1
Felucca,42,25,0,0,0,8
Felucca,42,26,0,0,0,12
Felucca,42,27,0,0,0,16
Felucca,42,28,0,0,0,14
Felucca,42,29,0,0,0,16
Felucca,42,30,0,0,0,10
Felucca,42,31,0,0,0,16
Felucca,42,32,0,0,0,0
Felucca,43,2,0,0,0,31
Felucca,43,3,0,0,0,27
Felucca,43,12,0,0,0,1
Felucca,43,13,0,0,0,1
Felucca,43,16,0,0,0,2
Felucca,43,17,0,0,0,0
Felucca,43,18,0,0,0,7
Felucca,43,19,0,0,0,4
Felucca,43,20,0,0,0,12
Felucca,43,21,0,0,0,18
Felucca,43,22,0,0,0,20
Felucca,43,23,0,0,0,0
Felucca,43,24,0,0,0,3
Felucca,43,25,0,0,0,5
Felucca,43,26,0,0,0,15
Felucca,43,27,0,0,0,13
Felucca,43,28,0,0,0,10
Felucca,43,29,0,0,0,9
Felucca,43,30,0,0,0,21
Felucca,43,31,0,0,0,6
Felucca,43,32,0,0,0,0
Felucca,44,3,0,0,0,0
Felucca,44,12,0,0,0,1
Felucca,44,13,0,0,0,0
Felucca,44,16,0,0,0,1
Felucca,44,17,0,0,0,0
Felucca,44,18,0,0,0,1
Felucca,44,19,0,0,0,9
Felucca,44,20,0,0,0,14
Felucca,44,21,0,0,0,12
Felucca,44,22,0,0,0,7
Felucca,44,23,0,0,0,0
Felucca,44,26,0,0,0,11
Felucca,44,27,0,0,0,16
Felucca,44,28,0,0,0,15
Felucca,44,29,0,0,0,8
Felucca,44,30,0,0,0,12
Felucca,44,31,0,0,0,11
Felucca,44,32,0,0,0,0
Felucca,45,3,0,0,0,0
Felucca,45,12,0,0,0,5
Felucca,45,13,0,0,0,1
Felucca,45,16,0,0,0,1
Felucca,45,17,0,0,0,0
Felucca,45,18,0,0,0,8
Felucca,45,19,0,0,0,2
Felucca,45,20,0,0,0,9
Felucca,45,21,0,0,0,4
Felucca,45,22,0,0,0,1
Felucca,45,23,0,0,0,0
Felucca,45,26,0,0,0,10
Felucca,45,27,0,0,0,12
Felucca,45,28,0,0,0,18
Felucca,45,29,0,0,0,11
Felucca,45,30,0,0,0,14
Felucca,45,31,0,0,0,12
Felucca,45,32,0,0,0,0
Felucca,46,2,0,0,0,3
Felucca,46,3,0,0,0,1
Felucca,46,12,0,0,0,1
Felucca,46,13,0,0,0,2
Felucca,46,14,0,0,0,1
Felucca,46,15,0,0,0,1
Felucca,46,16,0,0,0,3
Felucca,46,17,0,0,0,0
Felucca,46,18,0,0,0,23
Felucca,46,19,0,0,0,1
Felucca,46,20,0,0,0,0
Felucca,46,21,0,0,0,0
Felucca,46,22,0,0,0,6
Felucca,46,23,0,0,0,2
Felucca,46,24,0,0,0,0
Felucca,46,25,0,0,0,7
Felucca,46,26,0,0,0,8
Felucca,46,27,0,0,0,9
Felucca,46,28,0,0,0,17
Felucca,46,29,0,0,0,14
Felucca,46,30,0,0,0,16
Felucca,46,31,0,0,0,15
Felucca,46,32,0,0,0,0
Felucca,47,2,0,0,0,5
Felucca,47,3,0,0,0,1
Felucca,47,12,0,0,0,5
Felucca,47,13,0,0,0,1
Felucca,47,14,0,0,0,1
Felucca,47,15,0,0,0,1
Felucca,47,16,0,0,0,1
Felucca,47,17,0,0,0,0
Felucca,47,18,0,0,0,15
Felucca,47,19,0,0,0,3
Felucca,47,20,0,0,0,0
Felucca,47,21,0,0,0,0
Felucca,47,22,0,0,0,6
Felucca,47,23,0,0,0,8
Felucca,47,24,0,0,0,0
Felucca,47,25,0,0,0,6
Felucca,47,26,0,0,0,3
Felucca,47,27,0,0,0,7
Felucca,47,28,0,0,0,14
Felucca,47,29,0,0,0,8
Felucca,47,30,0,0,0,15
Felucca,47,31,0,0,0,17
Felucca,47,32,0,0,0,0
Felucca,48,5,0,0,0,0
Felucca,48,6,0,0,0,0
Felucca,48,7,0,0,0,0
Felucca,48,8,0,0,0,0
Felucca,48,9,0,0,0,0
Felucca,48,10,0,0,0,0
Felucca,48,11,0,0,0,0
Felucca,48,12,0,0,0,0
Felucca,48,13,0,0,0,0
Felucca,48,14,0,0,0,0
Felucca,48,15,0,0,0,0
Felucca,48,16,0,0,0,0
Felucca,48,17,0,0,0,0
Felucca,48,22,0,0,0,3
Felucca,48,23,0,0,0,0
Felucca,48,24,0,0,0,0
Felucca,48,25,0,0,0,0
Felucca,48,26,0,0,0,0
Felucca,48,27,0,0,0,0
Felucca,48,28,0,0,0,0
Felucca,48,29,0,0,0,0
Felucca,48,30,0,0,0,0
Felucca,48,31,0,0,0,0
Felucca,48,32,0,0,0,0
Felucca,49,5,0,0,0,0
Felucca,49,6,0,0,0,0
Felucca,49,7,0,0,0,0
Felucca,49,8,0,0,0,0
Felucca,49,9,0,0,0,0
Felucca,49,10,0,0,0,0
Felucca,49,11,0,0,0,0
Felucca,49,12,0,0,0,3
Felucca,49,13,0,0,0,8
Felucca,49,14,0,0,0,0
Felucca,49,15,0,0,0,0
Felucca,49,16,0,0,0,0
Felucca,49,17,0,0,0,0
Felucca,49,22,0,0,0,2
Felucca,49,23,0,0,0,0
Felucca,49,24,0,0,0,0
Felucca,49,25,0,0,0,0
Felucca,49,26,0,0,0,0
Felucca,49,27,0,0,0,0
Felucca,49,28,0,0,0,0
Felucca,49,29,0,0,0,0
Felucca,49,30,0,0,0,0
Felucca,49,31,0,0,0,0
Felucca,49,32,0,0,0,0
Felucca,50,5,0,0,0,0
Felucca,50,8,0,0,0,0
Felucca,50,9,0,0,0,12
Felucca,50,10,0,0,0,1
Felucca,50,11,0,0,0,0
Felucca,50,12,0,0,0,2
Felucca,50,13,0,0,0,4
Felucca,50,14,0,0,0,0
Felucca,50,15,0,0,0,0
Felucca,50,16,0,0,0,0
Felucca,50,17,0,0,0,0
Felucca,50,22,0,0,0,0
Felucca,50,23,0,0,0,0
Felucca,50,24,0,0,0,0
Felucca,50,25,0,0,0,0
Felucca,50,26,0,0,0,0
Felucca,50,27,0,0,0,0
Felucca,50,28,0,0,0,0
Felucca,50,29,0,0,0,0
Felucca,50,30,0,0,0,0
Felucca,50,31,0,0,0,0
Felucca,50,32,0,0,0,0
Felucca,51,2,0,0,0,0
Felucca,51,3,0,0,0,0
Felucca,51,4,0,0,0,0
Felucca,51,5,0,0,0,0
Felucca,51,8,0,0,0,0
Felucca,51,9,0,0,0,0
Felucca,51,10,0,0,0,0
Felucca,51,11,0,0,0,0
Felucca,51,12,0,0,0,0
Felucca,51,13,0,0,0,0
Felucca,51,14,0,0,0,0
Felucca,51,15,0,0,0,0
Felucca,51,16,0,0,0,0
Felucca,51,17,0,0,0,0
Felucca,51,18,0,0,0,0
Felucca,51,19,0,0,0,0
Felucca,51,20,0,0,0,0
Felucca,51,21,0,0,0,0
Felucca,51,22,0,0,0,0
Felucca,51,23,0,0,0,0
Felucca,51,24,0,0,0,0
Felucca,51,25,0,0,0,0
Felucca,51,26,0,0,0,0
Felucca,51,27,0,0,0,0
Felucca,51,28,0,0,0,0
Felucca,51,29,0,0,0,0
Felucca,51,30,0,0,0,0
Felucca,51,31,0,0,0,0
Felucca,51,32,0,0,0,0
Felucca,52,0,0,0,0,0
Felucca,52,1,0,0,0,0
Felucca,52,2,0,0,0,0
Felucca,52,3,0,0,0,0
Felucca,52,4,0,0,0,0
Felucca,52,5,0,0,0,0
Felucca,52,6,0,0,0,0
Felucca,52,7,0,0,0,0
Felucca,52,8,0,0,0,0
Felucca,52,9,0,0,0,0
Felucca,52,10,0,0,0,0
Felucca,52,11,0,0,0,0
Felucca,52,12,0,0,0,0
Felucca,52,13,0,0,0,0
Felucca,52,14,0,0,0,0
Felucca,52,15,0,0,0,0
Felucca,52,16,0,0,0,1
Felucca,52,17,0,0,0,3
Felucca,52,18,0,0,0,0
Felucca,52,19,0,0,0,0
Felucca,52,20,0,0,0,0
Felucca,52,21,0,0,0,0
Felucca,52,22,0,0,0,0
Felucca,52,23,0,0,0,0
Felucca,52,24,0,0,0,0
Felucca,52,25,0,0,0,0
Felucca,52,26,0,0,0,0
Felucca,52,27,0,0,0,0
Felucca,52,28,0,0,0,0
Felucca,52,29,0,0,0,0
Felucca,52,30,0,0,0,0
Felucca,52,31,0,0,0,0
Felucca,52,32,0,0,0,0
Felucca,53,0,0,0,0,0
Felucca,53,1,0,0,0,0
Felucca,53,2,0,0,0,0
Felucca,53,3,0,0,0,0
Felucca,53,4,0,0,0,0
Felucca,53,5,0,0,0,0
Felucca,53,6,0,0,0,0
Felucca,53,7,0,0,0,0
Felucca,53,8,0,0,0,0
Felucca,53,9,0,0,0,0
Felucca,53,10,0,0,0,0
Felucca,53,11,0,0,0,0
Felucca,53,12,0,0,0,0
Felucca,53,13,0,0,0,0
Felucca,53,14,0,0,0,0
Felucca,53,15,0,0,0,0
Felucca,53,16,0,0,0,2
Felucca,53,17,0,0,0,2
Felucca,53,18,0,0,0,0
Felucca,53,19,0,0,0,0
Felucca,53,20,0,0,0,0
Felucca,53,21,0,0,0,0
Felucca,53,22,0,0,0,0
Felucca,53,23,0,0,0,0
Felucca,53,24,0,0,0,0
Felucca,53,25,0,0,0,0
Felucca,53,26,0,0,0,0
Felucca,53,27,0,0,0,0
Felucca,53,28,0,0,0,0
Felucca,53,29,0,0,0,0
Felucca,53,30,0,0,0,0
Felucca,53,31,0,0,0,0
Felucca,53,32,0,0,0,0
Felucca,54,0,0,0,0,0
Felucca,54,1,0,0,0,0
Felucca,54,4,0,0,0,0
Felucca,54,5,0,0,0,0
Felucca,54,6,0,0,0,0
Felucca,54,7,0,0,0,0
Felucca,54,8,0,0,0,0
Felucca,54,9,0,0,0,0
Felucca,54,10,0,0,0,0
Felucca,54,11,0,0,0,0
Felucca,54,12,0,0,0,0
Felucca,54,13,0,0,0,0
Felucca,54,14,0,0,0,29
Felucca,54,15,0,0,0,13
Felucca,54,16,0,0,0,0
Felucca,54,17,0,0,0,0
Felucca,54,18,0,0,0,0
Felucca,54,19,0,0,0,0
Felucca,54,20,0,0,0,0
Felucca,54,21,0,0,0,0
Felucca,54,22,0,0,0,0
Felucca,54,23,0,0,0,0
Felucca,54,24,0,0,0,0
Felucca,54,25,0,0,0,0
Felucca,54,26,0,0,0,0
Felucca,54,27,0,0,0,0
Felucca,54,28,0,0,0,0
Felucca,54,29,0,0,0,0
Felucca,54,30,0,0,0,0
Felucca,54,31,0,0,0,0
Felucca,54,32,0,0,0,0
Felucca,55,0,0,0,0,0
Felucca,55,1,0,0,0,0
Felucca,55,4,0,0,0,0
Felucca,55,5,0,0,0,0
Felucca,55,6,0,0,0,0
Felucca,55,7,0,0,0,0
Felucca,55,8,0,0,0,0
Felucca,55,9,0,0,0,0
Felucca,55,10,0,0,0,0
Felucca,55,11,0,0,0,0
Felucca,55,12,0,0,0,0
Felucca,55,13,0,0,0,0
Felucca,55,14,0,0,0,35
Felucca,55,15,0,0,0,13
Felucca,55,16,0,0,0,0
Felucca,55,17,0,0,0,0
Felucca,55,18,0,0,0,0
Felucca,55,19,0,0,0,0
Felucca,55,20,0,0,0,0
Felucca,55,21,0,0,0,0
Felucca,55,22,0,0,0,0
Felucca,55,23,0,0,0,0
Felucca,55,24,0,0,0,0
Felucca,55,25,0,0,0,0
Felucca,55,26,0,0,0,0
Felucca,55,27,0,0,0,0
Felucca,55,28,0,0,0,0
Felucca,55,29,0,0,0,0
Felucca,55,30,0,0,0,0
Felucca,55,31,0,0,0,0
Felucca,55,32,0,0,0,0
Felucca,56,0,0,0,0,0
Felucca,56,1,0,0,0,0
Felucca,56,2,0,0,0,0
Felucca,56,3,0,0,0,0
Felucca,56,4,0,0,0,0
Felucca,56,5,0,0,0,0
Felucca,56,6,0,0,0,0
Felucca,56,7,0,0,0,0
Felucca,56,8,0,0,0,0
Felucca,56,9,0,0,0,0
Felucca,56,10,0,0,0,0
Felucca,56,11,0,0,0,0
Felucca,56,12,0,0,0,0
Felucca,56,13,0,0,0,0
Felucca,56,14,0,0,0,0
Felucca,56,15,0,0,0,0
Felucca,56,16,0,0,0,0
Felucca,56,17,0,0,0,0
Felucca,56,18,0,0,0,0
Felucca,56,19,0,0,0,0
Felucca,56,20,0,0,0,0
Felucca,56,21,0,0,0,0
Felucca,56,22,0,0,0,0
Felucca,56,23,0,0,0,0
Felucca,56,24,0,0,0,0
Felucca,56,25,0,0,0,0
Felucca,56,26,0,0,0,0
Felucca,56,27,0,0,0,0
Felucca,56,28,0,0,0,0
Felucca,56,29,0,0,0,0
Felucca,56,30,0,0,0,0
Felucca,56,31,0,0,0,0
Felucca,56,32,0,0,0,0
Trammel,0,0,0,0,0,0
Trammel,0,1,0,0,0,0
Trammel,0,2,0,0,0,0
Trammel,0,3,0,0,0,0
Trammel,0,4,0,0,0,0
Trammel,0,5,0,0,0,0
Trammel,0,6,0,0,0,0
Trammel,0,7,0,0,0,0
Trammel,0,8,0,0,0,0
Trammel,0,9,0,0,0,0
Trammel,0,10,0,0,0,0
Trammel,0,11,0,0,0,1
Trammel,0,12,0,0,0,0
Trammel,0,13,0,0,0,0
Trammel,0,14,0,0,0,0
Trammel,0,15,0,0,0,0
Trammel,0,16,0,0,0,0
Trammel,0,17,0,0,0,0
Trammel,0,18,0,0,0,0
Trammel,0,19,0,0,0,0
Trammel,0,20,0,0,0,0
Trammel,0,21,0,0,0,0
Trammel,0,22,0,0,0,0
Trammel,0,23,0,0,0,0
Trammel,0,24,0,0,0,0
Trammel,0,25,0,0,0,0
Trammel,0,26,0,0,0,0
Trammel,0,27,0,0,0,0
Trammel,0,28,0,0,0,0
Trammel,0,29,0,0,0,0
Trammel,0,30,0,0,0,0
Trammel,0,31,0,0,0,0
Trammel,0,32,0,0,0,0
Trammel,1,0,0,0,0,0
Trammel,1,1,0,0,0,0
Trammel,1,2,0,0,0,0
Trammel,1,3,0,0,0,0
Trammel,1,4,0,0,0,0
Trammel,1,7,111500,2,1115002,2
Trammel,1,8,111500,1,1115001,0
Trammel,1,9,111500,1,1115001,0
Trammel,1,10,0,3,1115003,11
Trammel,1,11,0,0,0,15
Trammel,1,12,0,0,0,0
Trammel,1,13,0,0,0,0
Trammel,1,14,0,0,0,0
Trammel,1,15,0,0,0,0
Trammel,1,16,0,0,0,0
Trammel,1,17,0,0,0,0
Trammel,1,18,0,0,0,0
Trammel,1,19,0,0,0,0
Trammel,1,20,0,0,0,0
Trammel,1,21,0,0,0,0
Trammel,1,22,0,0,0,0
Trammel,1,23,0,0,0,0
Trammel,1,24,0,0,0,0
Trammel,1,25,0,0,0,0
Trammel,1,26,0,0,0,0
Trammel,1,27,0,0,0,0
Trammel,1,28,0,0,0,0
Trammel,1,29,0,0,0,0
Trammel,1,30,0,0,0,0
Trammel,1,31,0,0,0,0
Trammel,1,32,0,0,0,0
Trammel,2,0,0,0,0,0
Trammel,2,1,0,0,0,0
Trammel,2,2,0,0,0,0
Trammel,2,3,0,0,0,0
Trammel,2,4,0,0,0,0
Trammel,2,10,0,3,1115003,10
Trammel,2,11,0,0,0,1
Trammel,2,12,0,0,0,3
Trammel,2,13,0,0,0,0
Trammel,2,14,0,0,0,0
Trammel,2,15,0,0,0,0
Trammel,2,16,0,0,0,0
Trammel,2,17,0,0,0,0
Trammel,2,18,0,0,0,0
Trammel,2,19,0,0,0,0
Trammel,2,20,0,0,0,0
Trammel,2,21,0,0,0,0
Trammel,2,22,0,0,0,0
Trammel,2,23,0,0,0,0
Trammel,2,24,0,0,0,0
Trammel,2,25,0,0,0,0
Trammel,2,26,0,0,0,0
Trammel,2,27,0,0,0,0
Trammel,2,28,0,0,0,0
Trammel,2,29,0,0,0,0
Trammel,2,30,0,0,0,0
Trammel,2,31,0,0,0,0
Trammel,2,32,0,0,0,0
Trammel,3,0,0,0,0,0
Trammel,3,1,0,0,0,0
Trammel,3,2,0,0,0,0
Trammel,3,3,0,0,0,0
Trammel,3,4,0,0,0,0
Trammel,3,5,111500,1,1115001,0
Trammel,3,10,0,0,0,13
Trammel,3,11,0,0,0,2
Trammel,3,12,0,0,0,12
Trammel,3,13,0,0,0,5
Trammel,3,14,0,0,0,0
Trammel,3,15,0,0,0,0
Trammel,3,16,0,0,0,1
Trammel,3,17,0,0,0,0
Trammel,3,18,0,0,0,0
Trammel,3,19,0,0,0,0
Trammel,3,20,0,0,0,0
Trammel,3,21,0,0,0,0
Trammel,3,22,0,0,0,0
Trammel,3,23,0,0,0,0
Trammel,3,24,0,0,0,0
Trammel,3,25,0,0,0,0
Trammel,3,26,0,0,0,0
Trammel,3,27,0,0,0,0
Trammel,3,28,0,0,0,0
Trammel,3,29,0,0,0,0
Trammel,3,30,0,0,0,0
Trammel,3,31,0,0,0,0
Trammel,3,32,0,0,0,0
Trammel,4,0,0,0,0,0
Trammel,4,1,0,0,0,0
Trammel,4,2,0,0,0,0
Trammel,4,3,0,0,0,0
Trammel,4,4,0,0,0,0
Trammel,4,5,111500,1,1115001,0
Trammel,4,10,0,3,1115003,13
Trammel,4,11,0,0,0,13
Trammel,4,12,0,0,0,5
Trammel,4,13,0,0,0,7
Trammel,4,14,0,0,0,0
Trammel,4,15,0,0,0,0
Trammel,4,18,0,0,0,0
Trammel,4,19,0,0,0,0
Trammel,4,20,0,0,0,0
Trammel,4,21,0,0,0,0
Trammel,4,22,0,0,0,0
Trammel,4,23,0,0,0,0
Trammel,4,24,0,0,0,0
Trammel,4,25,0,0,0,0
Trammel,4,26,0,0,0,0
Trammel,4,27,0,0,0,0
Trammel,4,28,0,0,0,0
Trammel,4,29,0,0,0,0
Trammel,4,30,0,0,0,0
Trammel,4,31,0,0,0,0
Trammel,4,32,0,0,0,0
Trammel,5,0,0,0,0,0
Trammel,5,1,0,0,0,0
Trammel,5,2,0,0,0,0
Trammel,5,3,0,0,0,0
Trammel,5,4,0,3,1115003,13
Trammel,5,5,111500,2,1115002,51
Trammel,5,6,111504,2,1115042,55
Trammel,5,7,111500,2,1115002,35
Trammel,5,8,111500,2,1115002,11
Trammel,5,9,111500,2,1115002,16
Trammel,5,10,0,3,1115003,25
Trammel,5,11,0,0,0,16
Trammel,5,12,0,0,0,2
Trammel,5,13,0,0,0,4
Trammel,5,14,0,0,0,22
Trammel,5,15,0,0,0,10
Trammel,5,16,0,0,0,1
Trammel,5,17,0,3,1111043,1
Trammel,5,18,0,3,1111043,1
Trammel,5,19,0,0,0,0
Trammel,5,20,0,0,0,0
Trammel,5,21,0,0,0,0
Trammel,5,22,0,0,0,0
Trammel,5,23,0,0,0,0
Trammel,5,24,0,0,0,0
Trammel,5,25,0,0,0,0
Trammel,5,26,110400,1,1104001,0
Trammel,5,27,110400,1,1104001,0
Trammel,5,28,110400,1,1104001,0
Trammel,5,29,110400,1,1104001,0
Trammel,5,30,110400,1,1104001,0
Trammel,5,31,110400,1,1104001,0
Trammel,5,32,0,0,0,0
Trammel,6,0,0,0,0,0
Trammel,6,1,0,0,0,0
Trammel,6,2,0,0,0,5
Trammel,6,3,0,0,0,18
Trammel,6,4,0,3,1115003,57
Trammel,6,5,0,3,1115003,65
Trammel,6,6,0,3,1115003,57
Trammel,6,7,0,3,1115043,58
Trammel,6,8,0,3,1115003,17
Trammel,6,9,0,3,1115003,20
Trammel,6,10,0,3,1115003,16
Trammel,6,11,0,0,0,20
Trammel,6,12,0,0,0,9
Trammel,6,13,0,0,0,13
Trammel,6,14,0,0,0,29
Trammel,6,15,0,0,0,30
Trammel,6,16,0,0,0,15
Trammel,6,17,0,3,1111043,17
Trammel,6,18,111104,2,1111042,26
Trammel,6,19,0,3,1111043,5
Trammel,6,20,0,0,0,0
Trammel,6,21,0,0,0,0
Trammel,6,22,0,0,0,0
Trammel,6,23,0,0,0,0
Trammel,6,24,0,0,0,0
Trammel,6,25,0,0,0,0
Trammel,6,26,110400,1,1104001,0
Trammel,6,27,110400,1,1104001,0
Trammel,6,28,110400,1,1104001,0
Trammel,6,29,110400,1,1104001,0
Trammel,6,30,110400,1,1104001,0
Trammel,6,31,110400,1,1104001,0
Trammel,6,32,0,0,0,0
Trammel,7,0,0,0,0,0
Trammel,7,1,0,0,0,0
Trammel,7,2,0,0,0,21
Trammel,7,3,0,0,0,20
Trammel,7,4,0,0,0,64
Trammel,7,5,0,0,0,51
Trammel,7,6,0,0,0,52
Trammel,7,7,0,0,0,58
Trammel,7,8,0,0,0,21
Trammel,7,9,0,0,0,16
Trammel,7,10,0,0,0,14
Trammel,7,11,0,0,0,1
Trammel,7,12,0,0,0,7
Trammel,7,13,0,0,0,24
Trammel,7,14,0,0,0,29
Trammel,7,15,0,0,0,22
Trammel,7,16,0,0,0,28
Trammel,7,17,0,3,1111043,30
Trammel,7,18,0,3,1111043,27
Trammel,7,19,0,3,1111043,24
Trammel,7,20,0,0,0,16
Trammel,7,21,0,0,0,1
Trammel,7,22,0,0,0,0
Trammel,7,23,0,0,0,0
Trammel,7,24,0,0,0,0
Trammel,7,25,0,0,0,0
Trammel,7,26,110400,1,1104001,0
Trammel,7,27,110400,1,1104001,0
Trammel,7,28,110400,1,1104001,0
Trammel,7,29,110400,1,1104001,0
Trammel,7,30,110400,1,1104001,0
Trammel,7,31,110400,1,1104001,0
Trammel,7,32,0,0,0,0
Trammel,8,0,0,0,0,0
Trammel,8,1,0,0,0,6
Trammel,8,2,0,0,0,7
Trammel,8,3,0,0,0,10
Trammel,8,4,0,0,0,23
Trammel,8,5,0,0,0,13
Trammel,8,6,0,0,0,13
Trammel,8,7,0,0,0,21
Trammel,8,8,0,0,0,18
Trammel,8,9,0,0,0,15
Trammel,8,10,0,3,1101003,14
Trammel,8,11,0,3,1101003,2
Trammel,8,12,0,0,0,0
Trammel,8,13,0,0,0,5
Trammel,8,14,0,3,1101073,2
Trammel,8,15,0,3,1101073,14
Trammel,8,16,0,3,1101073,10
Trammel,8,17,0,0,0,1
Trammel,8,18,0,0,0,15
Trammel,8,19,0,0,0,20
Trammel,8,20,0,0,0,8
Trammel,8,21,0,0,0,21
Trammel,8,22,0,0,0,17
Trammel,8,23,0,0,0,18
Trammel,8,24,0,0,0,15
Trammel,8,25,0,3,1104003,3
Trammel,8,26,110405,2,1104052,1
Trammel,8,27,110405,2,1104052,7
Trammel,8,28,110405,1,1104051,0
Trammel,8,29,110400,1,1104001,0
Trammel,8,30,110400,1,1104001,0
Trammel,8,31,110400,1,1104001,0
Trammel,8,32,0,0,0,0
Trammel,9,0,0,0,0,0
Trammel,9,1,0,0,0,16
Trammel,9,2,0,0,0,19
Trammel,9,3,0,0,0,16
Trammel,9,4,0,0,0,21
Trammel,9,5,0,0,0,26
Trammel,9,6,0,0,0,5
Trammel,9,7,0,0,0,15
Trammel,9,8,0,0,0,11
Trammel,9,9,0,0,0,2
Trammel,9,10,0,3,1101003,22
Trammel,9,11,110100,2,1101002,13
Trammel,9,15,110107,2,1101072,19
Trammel,9,16,0,3,1101073,16
Trammel,9,17,0,3,1308003,2
Trammel,9,18,0,3,1308003,19
Trammel,9,19,0,3,1308003,28
Trammel,9,20,0,3,1308003,15
Trammel,9,21,0,0,0,32
Trammel,9,22,0,0,0,26
Trammel,9,23,0,0,0,18
Trammel,9,24,0,0,0,0
Trammel,9,25,0,0,0,0
Trammel,9,26,110405,2,1104052,1
Trammel,9,27,110405,2,1104052,4
Trammel,9,28,110405,2,1104052,1
Trammel,9,29,110400,1,1104001,0
Trammel,9,30,110400,1,1104001,0
Trammel,9,31,110400,1,1104001,0
Trammel,9,32,0,0,0,0
Trammel,10,0,0,0,0,0
Trammel,10,1,0,0,0,7
Trammel,10,2,0,0,0,19
Trammel,10,3,0,0,0,20
Trammel,10,4,0,0,0,14
Trammel,10,5,0,0,0,14
Trammel,10,6,0,0,0,18
Trammel,10,7,0,0,0,9
Trammel,10,8,0,0,0,5
Trammel,10,9,0,0,0,10
Trammel,10,10,0,3,1101003,24
Trammel,10,11,110105,2,1101052,14
Trammel,10,15,0,3,1101073,26
Trammel,10,16,0,3,1101073,16
Trammel,10,17,0,3,1308003,22
Trammel,10,18,130800,2,1308002,24
Trammel,10,19,130800,2,1308002,23
Trammel,10,20,0,3,1308003,20
Trammel,10,21,0,0,0,16
Trammel,10,22,0,0,0,18
Trammel,10,23,0,0,0,7
Trammel,10,24,0,0,0,14
Trammel,10,25,0,0,0,0
Trammel,10,26,110400,1,1104001,0
Trammel,10,27,110400,1,1104001,0
Trammel,10,28,110404,1,1104041,0
Trammel,10,31,110404,1,1104041,0
Trammel,10,32,0,0,0,0
Trammel,11,0,0,0,0,0
Trammel,11,1,0,0,0,11
Trammel,11,2,0,0,0,5
Trammel,11,3,0,0,0,3
Trammel,11,4,0,0,0,0
Trammel,11,5,0,0,0,22
Trammel,11,6,0,0,0,18
Trammel,11,7,0,0,0,12
Trammel,11,8,0,0,0,26
Trammel,11,9,0,0,0,8
Trammel,11,10,0,3,1101053,17
Trammel,11,14,110100,2,1101002,12
Trammel,11,15,0,3,1101003,30
Trammel,11,16,0,0,0,10
Trammel,11,17,0,3,1308003,18
Trammel,11,18,130800,2,1308002,24
Trammel,11,19,130800,2,1308002,23
Trammel,11,20,0,3,1308003,23
Trammel,11,21,0,0,0,11
Trammel,11,22,0,0,0,8
Trammel,11,23,0,0,0,13
Trammel,11,24,0,0,0,12
Trammel,11,25,0,3,1104003,3
Trammel,11,26,110400,1,1104001,0
Trammel,11,27,110400,1,1104001,0
Trammel,11,28,110404,1,1104041,0
Trammel,11,30,110404,1,1104041,0
Trammel,11,32,0,0,0,0
Trammel,12,0,0,0,0,0
Trammel,12,1,0,0,0,1
Trammel,12,2,0,0,0,4
Trammel,12,3,0,0,0,11
Trammel,12,4,0,0,0,25
Trammel,12,5,0,0,0,21
Trammel,12,6,0,0,0,19
Trammel,12,7,0,0,0,13
Trammel,12,8,0,0,0,23
Trammel,12,9,0,0,0,14
Trammel,12,10,0,3,1101003,18
Trammel,12,11,110100,2,1101002,6
Trammel,12,14,110100,2,1101002,5
Trammel,12,15,0,3,1101003,3
Trammel,12,16,0,0,0,17
Trammel,12,17,0,3,1308003,21
Trammel,12,18,130800,2,1308002,19
Trammel,12,19,130800,2,1308002,30
Trammel,12,20,0,3,1308003,25
Trammel,12,21,0,0,0,26
Trammel,12,22,0,0,0,14
Trammel,12,23,0,0,0,13
Trammel,12,24,0,0,0,16
Trammel,12,25,0,3,1104003,11
Trammel,12,26,110400,2,1104002,15
Trammel,12,27,110400,2,1104002,9
Trammel,12,28,110400,1,1104001,0
Trammel,12,29,110400,1,1104001,0
Trammel,12,30,110400,1,1104001,0
Trammel,12,31,110400,1,1104001,0
Trammel,12,32,0,0,0,0
Trammel,13,0,0,0,0,0
Trammel,13,1,0,0,0,12
Trammel,13,2,0,0,0,13
Trammel,13,3,0,0,0,24
Trammel,13,4,0,0,0,31
Trammel,13,5,0,0,0,29
Trammel,13,6,0,0,0,22
Trammel,13,7,0,0,0,7
Trammel,13,8,0,0,0,6
Trammel,13,9,0,0,0,23
Trammel,13,10,0,3,1101003,32
Trammel,13,11,110100,2,1101002,27
Trammel,13,14,110100,1,1101001,0
Trammel,13,15,0,3,1101003,7
Trammel,13,16,0,0,0,4
Trammel,13,17,0,3,1308003,25
Trammel,13,18,0,3,1308003,26
Trammel,13,19,0,3,1308003,21
Trammel,13,20,0,3,1308003,13
Trammel,13,21,0,0,0,24
Trammel,13,22,0,0,0,12
Trammel,13,23,0,0,0,6
Trammel,13,24,0,0,0,19
Trammel,13,25,0,3,1104003,19
Trammel,13,26,110400,2,1104002,15
Trammel,13,27,110400,2,1104002,12
Trammel,13,28,110400,1,1104001,0
Trammel,13,29,110400,1,1104001,0
Trammel,13,30,110400,1,1104001,0
Trammel,13,31,110400,1,1104001,0
Trammel,13,32,0,0,0,0
Trammel,14,0,0,0,0,0
Trammel,14,1,0,0,0,13
Trammel,14,2,0,0,0,14
Trammel,14,3,0,0,0,21
Trammel,14,4,0,0,0,21
Trammel,14,5,0,0,0,20
Trammel,14,6,0,0,0,22
Trammel,14,7,0,0,0,21
Trammel,14,8,0,0,0,23
Trammel,14,9,0,0,0,21
Trammel,14,10,0,3,1101003,23
Trammel,14,11,0,3,1101003,22
Trammel,14,12,0,3,1101003,6
Trammel,14,13,0,0,0,0
Trammel,14,14,0,0,0,0
Trammel,14,15,0,0,0,0
Trammel,14,16,0,0,0,14
Trammel,14,17,0,0,0,29
Trammel,14,18,0,0,0,57
Trammel,14,19,0,0,0,29
Trammel,14,20,0,0,0,9
Trammel,14,23,0,0,0,28
Trammel,14,24,0,0,0,21
Trammel,14,25,0,3,1104003,19
Trammel,14,26,110400,2,1104002,7
Trammel,14,27,110400,2,1104002,9
Trammel,14,28,110400,1,1104001,0
Trammel,14,29,110400,1,1104001,0
Trammel,14,30,110400,1,1104001,0
Trammel,14,31,110400,1,1104001,0
Trammel,14,32,0,0,0,0
Trammel,15,0,0,0,0,21
Trammel,15,1,0,0,0,11
Trammel,15,2,0,0,0,8
Trammel,15,3,0,0,0,13
Trammel,15,4,0,0,0,32
Trammel,15,5,0,0,0,25
Trammel,15,6,0,0,0,25
Trammel,15,7,0,0,0,43
Trammel,15,8,0,0,0,40
Trammel,15,9,0,0,0,26
Trammel,15,10,0,0,0,22
Trammel,15,11,0,0,0,21
Trammel,15,12,0,0,0,4
Trammel,15,13,0,0,0,0
Trammel,15,14,0,0,0,0
Trammel,15,15,0,0,0,10
Trammel,15,16,0,0,0,10
Trammel,15,17,0,0,0,25
Trammel,15,18,0,0,0,38
Trammel,15,19,0,0,0,0
Trammel,15,20,0,0,0,0
Trammel,15,23,0,3,1112003,13
Trammel,15,24,0,0,0,18
Trammel,15,25,0,3,1104003,5
Trammel,15,26,110400,2,1104002,15
Trammel,15,27,110400,2,1104002,2
Trammel,15,28,110400,1,1104001,0
Trammel,15,29,110400,1,1104001,0
Trammel,15,30,110400,1,1104001,0
Trammel,15,31,110400,1,1104001,0
Trammel,15,32,0,0,0,0
Trammel,16,0,0,0,0,20
Trammel,16,1,0,0,0,22
Trammel,16,2,0,0,0,11
Trammel,16,3,0,0,0,19
Trammel,16,4,0,0,0,29
Trammel,16,5,0,0,0,36
Trammel,16,6,0,0,0,30
Trammel,16,7,0,0,0,24
Trammel,16,8,0,0,0,12
Trammel,16,9,0,0,0,13
Trammel,16,10,0,0,0,2
Trammel,16,11,0,0,0,0
Trammel,16,12,0,0,0,0
Trammel,16,13,0,0,0,0
Trammel,16,14,0,0,0,0
Trammel,16,15,0,0,0,14
Trammel,16,16,0,0,0,27
Trammel,16,17,0,0,0,13
Trammel,16,18,0,0,0,21
Trammel,16,19,0,0,0,0
Trammel,16,20,0,3,1112003,1
Trammel,16,21,111200,2,1112002,3
Trammel,16,22,111200,1,1112001,0
Trammel,16,23,0,3,1112003,1
Trammel,16,24,0,0,0,14
Trammel,16,25,0,3,1104003,9
Trammel,16,26,0,3,1104003,14
Trammel,16,27,0,3,1104003,2
Trammel,16,28,0,3,1104003,8
Trammel,16,29,0,0,0,0
Trammel,16,30,0,3,1104003,7
Trammel,16,31,0,3,1104003,3
Trammel,16,32,0,0,0,0
Trammel,17,0,0,0,0,0
Trammel,17,1,0,0,0,0
Trammel,17,2,0,0,0,7
Trammel,17,3,0,0,0,12
Trammel,17,4,0,0,0,22
Trammel,17,5,0,0,0,12
Trammel,17,6,0,0,0,29
Trammel,17,7,0,0,0,18
Trammel,17,8,0,3,1103023,8
Trammel,17,10,0,3,1103023,2
Trammel,17,11,0,0,0,0
Trammel,17,12,0,0,0,0
Trammel,17,13,0,0,0,0
Trammel,17,14,0,0,0,0
Trammel,17,15,0,0,0,1
Trammel,17,16,0,0,0,5
Trammel,17,17,0,0,0,0
Trammel,17,18,0,0,0,0
Trammel,17,19,0,0,0,0
Trammel,17,20,0,0,0,0
Trammel,17,21,0,0,0,0
Trammel,17,22,0,0,0,0
Trammel,17,23,0,0,0,0
Trammel,17,24,0,0,0,0
Trammel,17,25,0,0,0,0
Trammel,17,26,0,0,0,3
Trammel,17,27,0,0,0,0
Trammel,17,28,0,0,0,0
Trammel,17,29,0,0,0,0
Trammel,17,30,0,0,0,0
Trammel,17,31,0,0,0,0
Trammel,17,32,0,0,0,0
Trammel,18,0,0,3,1106043,5
Trammel,18,1,0,3,1106043,9
Trammel,18,2,0,0,0,0
Trammel,18,3,0,0,0,0
Trammel,18,4,0,0,0,4
Trammel,18,5,0,0,0,28
Trammel,18,6,0,0,0,12
Trammel,18,7,0,3,1103013,13
Trammel,18,8,0,3,1103023,25
Trammel,18,9,110302,2,1103022,24
Trammel,18,10,0,0,0,0
Trammel,18,11,0,0,0,0
Trammel,18,12,0,0,0,0
Trammel,18,13,0,0,0,0
Trammel,18,14,0,0,0,0
Trammel,18,15,0,0,0,0
Trammel,18,16,0,0,0,0
Trammel,18,17,0,0,0,0
Trammel,18,18,0,0,0,0
Trammel,18,19,0,0,0,0
Trammel,18,20,0,0,0,0
Trammel,18,21,0,0,0,0
Trammel,18,22,0,0,0,0
Trammel,18,23,0,0,0,0
Trammel,18,24,0,0,0,0
Trammel,18,25,0,0,0,0
Trammel,18,26,0,0,0,6
Trammel,18,27,0,0,0,6
Trammel,18,28,0,0,0,0
Trammel,18,29,0,0,0,0
Trammel,18,30,0,0,0,0
Trammel,18,31,0,0,0,0
Trammel,18,32,0,0,0,0
Trammel,19,0,110604,2,1106042,12
Trammel,19,1,110604,2,1106042,21
Trammel,19,2,110604,2,1106042,6
Trammel,19,5,0,3,1106003,5
Trammel,19,6,0,0,0,17
Trammel,19,7,0,3,1103013,1
Trammel,19,8,110301,2,1103012,23
Trammel,19,9,110302,2,1103022,32
Trammel,19,10,0,0,0,0
Trammel,19,11,0,0,0,0
Trammel,19,12,0,0,0,0
Trammel,19,13,0,0,0,0
Trammel,19,14,0,0,0,0
Trammel,19,15,0,0,0,0
Trammel,19,16,0,0,0,0
Trammel,19,17,0,0,0,0
Trammel,19,18,0,0,0,0
Trammel,19,19,0,0,0,0
Trammel,19,20,0,0,0,0
Trammel,19,21,0,0,0,0
Trammel,19,22,0,0,0,0
Trammel,19,23,0,0,0,0
Trammel,19,24,0,0,0,0
Trammel,19,25,0,0,0,0
Trammel,19,26,0,0,0,0
Trammel,19,27,0,0,0,2
Trammel,19,28,0,0,0,5
Trammel,19,29,0,0,0,0
Trammel,19,30,0,0,0,4
Trammel,19,31,0,0,0,3
Trammel,19,32,0,0,0,0
Trammel,20,0,0,3,1106043,19
Trammel,20,1,0,3,1106043,13
Trammel,20,2,0,3,1106043,22
Trammel,20,3,110600,2,1106002,9
Trammel,20,4,110600,2,1106002,6
Trammel,20,5,0,3,1106003,25
Trammel,20,6,0,3,1113003,17
Trammel,20,7,0,3,1103013,15
Trammel,20,8,0,3,1103013,21
Trammel,20,9,110302,2,1103022,22
Trammel,20,10,0,0,0,0
Trammel,20,11,0,0,0,0
Trammel,20,12,0,0,0,0
Trammel,20,13,0,0,0,0
Trammel,20,14,0,0,0,0
Trammel,20,15,0,0,0,0
Trammel,20,18,0,0,0,0
Trammel,20,19,0,0,0,0
Trammel,20,20,0,0,0,0
Trammel,20,21,0,0,0,0
Trammel,20,22,0,0,0,0
Trammel,20,23,0,0,0,0
Trammel,20,24,0,0,0,0
Trammel,20,25,0,0,0,0
Trammel,20,26,0,0,0,0
Trammel,20,27,0,0,0,0
Trammel,20,28,0,0,0,0
Trammel,20,29,0,0,0,0
Trammel,20,30,0,0,0,0
Trammel,20,31,0,0,0,0
Trammel,20,32,0,0,0,0
Trammel,21,0,0,0,0,2
Trammel,21,1,0,0,0,5
Trammel,21,2,0,3,1106003,25
Trammel,21,3,0,3,1106003,36
Trammel,21,4,0,3,1106003,22
Trammel,21,5,111300,2,1113002,33
Trammel,21,6,111300,2,1113002,21
Trammel,21,8,0,3,1103023,12
Trammel,21,9,110302,1,1103021,0
Trammel,21,10,0,0,0,0
Trammel,21,11,0,0,0,0
Trammel,21,12,0,0,0,0
Trammel,21,13,0,0,0,0
Trammel,21,14,0,0,0,0
Trammel,21,15,0,3,1102033,2
Trammel,21,18,0,0,0,0
Trammel,21,19,0,0,0,0
Trammel,21,20,0,0,0,0
Trammel,21,21,0,0,0,0
Trammel,21,22,0,0,0,0
Trammel,21,23,0,0,0,0
Trammel,21,24,0,0,0,0
Trammel,21,25,0,0,0,0
Trammel,21,26,0,0,0,0
Trammel,21,27,0,0,0,3
Trammel,21,28,0,0,0,0
Trammel,21,29,0,0,0,0
Trammel,21,30,0,0,0,0
Trammel,21,31,0,0,0,0
Trammel,21,32,0,0,0,0
Trammel,22,0,0,0,0,15
Trammel,22,1,0,0,0,8
Trammel,22,2,0,0,0,29
Trammel,22,3,0,0,0,37
Trammel,22,4,0,3,1113003,28
Trammel,22,8,0,0,0,0
Trammel,22,9,0,0,0,0
Trammel,22,10,0,0,0,0
Trammel,22,11,0,0,0,0
Trammel,22,12,0,0,0,0
Trammel,22,13,0,0,0,0
Trammel,22,14,0,0,0,0
Trammel,22,15,0,0,0,0
Trammel,22,16,110203,1,1102031,0
Trammel,22,17,110203,1,1102031,0
Trammel,22,18,0,0,0,0
Trammel,22,19,0,0,0,0
Trammel,22,20,0,0,0,0
Trammel,22,21,0,0,0,0
Trammel,22,22,0,0,0,0
Trammel,22,23,0,0,0,0
Trammel,22,24,0,0,0,0
Trammel,22,25,0,0,0,0
Trammel,22,27,0,0,0,5
Trammel,22,28,0,0,0,0
Trammel,22,29,0,0,0,0
Trammel,22,30,0,0,0,0
Trammel,22,31,0,0,0,0
Trammel,22,32,0,0,0,0
Trammel,23,0,0,0,0,10
Trammel,23,1,0,0,0,24
Trammel,23,2,0,0,0,24
Trammel,23,3,0,0,0,15
Trammel,23,4,0,0,0,25
Trammel,23,8,0,0,0,0
Trammel,23,9,0,0,0,0
Trammel,23,10,0,0,0,0
Trammel,23,11,0,0,0,0
Trammel,23,12,0,0,0,0
Trammel,23,13,0,0,0,0
Trammel,23,14,0,0,0,0
Trammel,23,15,0,0,0,0
Trammel,23,16,0,0,0,0
Trammel,23,17,0,0,0,0
Trammel,23,18,0,0,0,0
Trammel,23,19,0,0,0,0
Trammel,23,20,0,0,0,0
Trammel,23,21,0,0,0,0
Trammel,23,22,0,0,0,0
Trammel,23,23,0,0,0,0
Trammel,23,24,0,0,0,0
Trammel,23,25,0,0,0,0
Trammel,23,27,0,0,0,1
Trammel,23,28,0,0,0,2
Trammel,23,29,0,0,0,0
Trammel,23,30,0,0,0,0
Trammel,23,31,0,0,0,0
Trammel,23,32,0,0,0,0
Trammel,24,0,0,0,0,16
Trammel,24,1,0,0,0,17
Trammel,24,2,0,0,0,15
Trammel,24,3,0,0,0,23
Trammel,24,4,0,0,0,23
Trammel,24,5,0,0,0,13
Trammel,24,6,0,0,0,4
Trammel,24,7,0,0,0,0
Trammel,24,8,0,0,0,0
Trammel,24,9,0,0,0,0
Trammel,24,10,0,0,0,0
Trammel,24,11,0,0,0,0
Trammel,24,12,0,0,0,0
Trammel,24,13,0,0,0,0
Trammel,24,14,0,0,0,0
Trammel,24,15,0,0,0,0
Trammel,24,16,0,0,0,0
Trammel,24,17,0,0,0,0
Trammel,24,18,0,0,0,0
Trammel,24,19,0,0,0,0
Trammel,24,20,0,0,0,0
Trammel,24,21,0,0,0,0
Trammel,24,22,0,0,0,0
Trammel,24,23,0,0,0,0
Trammel,24,24,0,0,0,0
Trammel,24,25,0,0,0,0
Trammel,24,26,0,0,0,0
Trammel,24,27,0,0,0,0
Trammel,24,28,0,0,0,0
Trammel,24,29,0,0,0,0
Trammel,24,30,0,0,0,0
Trammel,24,31,0,0,0,0
Trammel,24,32,0,0,0,0
Trammel,25,0,0,0,0,9
Trammel,25,1,0,0,0,18
Trammel,25,2,0,0,0,23
Trammel,25,3,0,0,0,19
Trammel,25,4,0,0,0,23
Trammel,25,5,0,0,0,14
Trammel,25,6,0,0,0,0
Trammel,25,7,0,0,0,0
Trammel,25,8,0,0,0,0
Trammel,25,9,0,0,0,0
Trammel,25,10,0,0,0,0
Trammel,25,11,0,0,0,0
Trammel,25,12,0,0,0,0
Trammel,25,13,0,0,0,0
Trammel,25,14,0,0,0,0
Trammel,25,15,0,0,0,0
Trammel,25,16,0,0,0,0
Trammel,25,17,0,0,0,0
Trammel,25,18,0,0,0,0
Trammel,25,19,0,0,0,0
Trammel,25,20,0,0,0,0
Trammel,25,21,0,0,0,0
Trammel,25,22,0,0,0,0
Trammel,25,23,0,0,0,0
Trammel,25,24,0,0,0,0
Trammel,25,25,0,0,0,0
Trammel,25,26,0,0,0,0
Trammel,25,27,0,0,0,0
Trammel,25,28,0,0,0,0
Trammel,25,29,0,0,0,0
Trammel,25,30,0,0,0,0
Trammel,25,31,0,0,0,0
Trammel,25,32,0,0,0,0
Trammel,26,0,0,0,0,3
Trammel,26,1,0,0,0,19
Trammel,26,2,0,0,0,25
Trammel,26,3,0,0,0,18
Trammel,26,4,0,0,0,17
Trammel,26,5,0,0,0,6
Trammel,26,6,0,0,0,0
Trammel,26,7,0,0,0,0
Trammel,26,8,0,0,0,0
Trammel,26,9,0,0,0,0
Trammel,26,10,0,0,0,0
Trammel,26,11,0,0,0,0
Trammel,26,12,0,0,0,0
Trammel,26,13,0,0,0,0
Trammel,26,14,0,0,0,0
Trammel,26,15,0,0,0,0
Trammel,26,16,0,0,0,0
Trammel,26,17,0,0,0,0
Trammel,26,18,110901,1,1109011,0
Trammel,26,19,110901,1,1109011,0
Trammel,26,20,110901,2,1109012,12
Trammel,26,21,110901,2,1109012,8
Trammel,26,22,110901,1,1109011,0
Trammel,26,23,110901,1,1109011,0
Trammel,26,24,110905,1,1109051,0
Trammel,26,25,110905,1,1109051,0
Trammel,26,26,110905,1,1109051,0
Trammel,26,27,0,0,0,0
Trammel,26,28,0,0,0,0
Trammel,26,29,0,0,0,0
Trammel,26,30,0,0,0,0
Trammel,26,31,0,0,0,0
Trammel,26,32,0,0,0,0
Trammel,27,0,0,0,0,0
Trammel,27,1,0,0,0,6
Trammel,27,2,0,0,0,11
Trammel,27,3,0,0,0,3
Trammel,27,4,0,0,0,4
Trammel,27,5,0,0,0,0
Trammel,27,6,0,0,0,0
Trammel,27,7,0,0,0,0
Trammel,27,11,0,0,0,0
Trammel,27,12,0,0,0,0
Trammel,27,13,0,0,0,0
Trammel,27,14,0,0,0,0
Trammel,27,15,0,0,0,0
Trammel,27,16,0,3,1105003,2
Trammel,27,17,0,0,0,0
Trammel,27,18,110901,2,1109012,7
Trammel,27,20,110901,2,1109012,1
Trammel,27,21,110901,2,1109012,2
Trammel,27,22,110901,1,1109011,0
Trammel,27,23,110901,1,1109011,0
Trammel,27,24,110905,1,1109051,0
Trammel,27,25,110905,1,1109051,0
Trammel,27,26,110905,1,1109051,0
Trammel,27,27,0,0,0,0
Trammel,27,28,0,0,0,0
Trammel,27,29,0,0,0,0
Trammel,27,30,0,0,0,0
Trammel,27,31,0,0,0,0
Trammel,27,32,0,0,0,0
Trammel,28,0,0,0,0,0
Trammel,28,1,0,0,0,0
Trammel,28,2,0,0,0,0
Trammel,28,3,0,0,0,0
Trammel,28,4,0,0,0,0
Trammel,28,5,0,0,0,0
Trammel,28,6,0,0,0,0
Trammel,28,7,0,0,0,0
Trammel,28,11,0,0,0,0
Trammel,28,12,0,0,0,0
Trammel,28,13,0,0,0,0
Trammel,28,14,0,0,0,0
Trammel,28,15,0,3,1105003,2
Trammel,28,16,110500,2,1105002,1
Trammel,28,17,110502,1,1105021,0
Trammel,28,18,110901,2,1109012,5
Trammel,28,19,110901,2,1109012,34
Trammel,28,20,110901,2,1109012,17
Trammel,28,21,110901,2,1109012,1
Trammel,28,22,110901,1,1109011,0
Trammel,28,23,110901,1,1109011,0
Trammel,28,24,110905,1,1109051,0
Trammel,28,25,110905,1,1109051,0
Trammel,28,26,110905,1,1109051,0
Trammel,28,27,0,0,0,0
Trammel,28,28,0,0,0,0
Trammel,28,29,0,0,0,0
Trammel,28,30,0,0,0,0
Trammel,28,31,0,0,0,0
Trammel,28,32,0,0,0,0
Trammel,29,0,0,0,0,0
Trammel,29,1,0,0,0,0
Trammel,29,2,0,0,0,0
Trammel,29,3,0,0,0,0
Trammel,29,4,0,0,0,0
Trammel,29,5,0,0,0,0
Trammel,29,6,0,0,0,0
Trammel,29,7,0,0,0,0
Trammel,29,11,0,0,0,0
Trammel,29,12,0,0,0,0
Trammel,29,13,0,0,0,0
Trammel,29,14,0,0,0,0
Trammel,29,15,0,3,1105003,3
Trammel,29,18,110901,1,1109011,0
Trammel,29,19,110901,2,1109012,6
Trammel,29,20,110901,2,1109012,3
Trammel,29,22,110901,1,1109011,0
Trammel,29,23,110901,1,1109011,0
Trammel,29,24,110905,1,1109051,0
Trammel,29,25,110905,1,1109051,0
Trammel,29,26,110905,1,1109051,0
Trammel,29,27,0,0,0,0
Trammel,29,28,0,0,0,0
Trammel,29,29,0,0,0,0
Trammel,29,30,0,0,0,0
Trammel,29,31,0,0,0,0
Trammel,29,32,0,0,0,0
Trammel,30,0,0,0,0,0
Trammel,30,1,0,0,0,11
Trammel,30,2,0,0,0,9
Trammel,30,3,0,0,0,10
Trammel,30,4,0,0,0,3
Trammel,30,5,0,0,0,0
Trammel,30,6,0,0,0,0
Trammel,30,7,0,0,0,0
Trammel,30,8,0,0,0,0
Trammel,30,9,0,0,0,0
Trammel,30,10,0,0,0,0
Trammel,30,11,0,0,0,0
Trammel,30,12,0,0,0,0
Trammel,30,13,0,0,0,0
Trammel,30,14,0,0,0,0
Trammel,30,15,0,0,0,0
Trammel,30,16,0,0,0,0
Trammel,30,17,0,0,0,0
Trammel,30,18,0,0,0,0
Trammel,30,19,0,0,0,0
Trammel,30,20,0,0,0,0
Trammel,30,21,0,0,0,0
Trammel,30,22,0,0,0,0
Trammel,30,23,0,0,0,0
Trammel,30,24,0,0,0,0
Trammel,30,25,0,0,0,0
Trammel,30,26,0,0,0,0
Trammel,30,27,0,0,0,0
Trammel,30,28,0,0,0,0
Trammel,30,29,0,0,0,0
Trammel,30,30,0,0,0,0
Trammel,30,31,0,0,0,0
Trammel,30,32,0,0,0,0
Trammel,31,0,0,0,0,0
Trammel,31,1,0,0,0,8
Trammel,31,2,0,0,0,8
Trammel,31,3,0,0,0,9
Trammel,31,4,0,0,0,13
Trammel,31,5,0,0,0,0
Trammel,31,6,0,0,0,0
Trammel,31,7,0,0,0,0
Trammel,31,8,0,0,0,0
Trammel,31,9,0,0,0,0
Trammel,31,10,0,0,0,0
Trammel,31,11,0,0,0,0
Trammel,31,12,0,0,0,0
Trammel,31,13,0,0,0,0
Trammel,31,14,0,0,0,0
Trammel,31,15,0,0,0,0
Trammel,31,16,0,0,0,0
Trammel,31,17,0,0,0,0
Trammel,31,18,0,0,0,0
Trammel,31,19,0,0,0,0
Trammel,31,20,0,0,0,0
Trammel,31,21,0,0,0,0
Trammel,31,22,0,0,0,0
Trammel,31,23,0,0,0,0
Trammel,31,24,0,0,0,0
Trammel,31,25,0,0,0,2
Trammel,31,26,0,3,1305003,9
Trammel,31,27,0,3,1305003,1
Trammel,31,28,0,0,0,0
Trammel,31,29,0,0,0,0
Trammel,31,30,0,0,0,0
Trammel,31,31,0,0,0,0
Trammel,31,32,0,0,0,0
Trammel,32,0,0,0,0,0
Trammel,32,1,0,0,0,0
Trammel,32,2,0,0,0,9
Trammel,32,3,0,0,0,14
Trammel,32,4,0,0,0,11
Trammel,32,5,0,0,0,7
Trammel,32,6,0,0,0,0
Trammel,32,7,0,0,0,0
Trammel,32,8,0,0,0,0
Trammel,32,9,0,0,0,0
Trammel,32,10,0,0,0,0
Trammel,32,11,0,0,0,0
Trammel,32,12,0,0,0,0
Trammel,32,13,0,0,0,0
Trammel,32,14,0,0,0,0
Trammel,32,15,0,0,0,0
Trammel,32,16,0,0,0,0
Trammel,32,17,0,0,0,0
Trammel,32,18,0,0,0,0
Trammel,32,19,0,0,0,0
Trammel,32,20,0,0,0,0
Trammel,32,21,0,0,0,0
Trammel,32,22,0,0,0,0
Trammel,32,23,0,0,0,0
Trammel,32,24,0,0,0,0
Trammel,32,25,0,0,0,12
Trammel,32,26,0,3,1305003,15
Trammel,32,27,130500,2,1305002,5
Trammel,32,28,130500,2,1305002,7
Trammel,32,29,0,3,1305003,5
Trammel,32,30,0,0,0,0
Trammel,32,31,0,0,0,0
Trammel,32,32,0,0,0,0
Trammel,33,0,0,0,0,0
Trammel,33,1,0,0,0,0
Trammel,33,2,0,0,0,0
Trammel,33,3,0,0,0,1
Trammel,33,4,0,0,0,5
Trammel,33,5,0,0,0,6
Trammel,33,6,0,0,0,0
Trammel,33,8,110700,2,1107002,15
Trammel,33,9,110700,2,1107002,5
Trammel,33,10,110700,1,1107001,0
Trammel,33,11,110700,1,1107001,0
Trammel,33,12,0,0,0,0
Trammel,33,13,0,0,0,0
Trammel,33,14,0,0,0,0
Trammel,33,15,0,0,0,0
Trammel,33,16,0,0,0,0
Trammel,33,17,0,0,0,0
Trammel,33,18,0,0,0,0
Trammel,33,19,0,0,0,0
Trammel,33,20,0,0,0,0
Trammel,33,21,0,0,0,0
Trammel,33,22,0,0,0,0
Trammel,33,23,0,0,0,0
Trammel,33,24,0,0,0,0
Trammel,33,25,0,0,0,3
Trammel,33,26,0,3,1305003,11
Trammel,33,27,0,3,1305003,2
Trammel,33,28,0,3,1305003,9
Trammel,33,29,0,3,1305003,8
Trammel,33,30,0,0,0,0
Trammel,33,31,0,0,0,0
Trammel,33,32,0,0,0,0
Trammel,34,0,0,0,0,0
Trammel,34,1,0,0,0,0
Trammel,34,2,0,0,0,0
Trammel,34,3,0,0,0,0
Trammel,34,4,0,0,0,0
Trammel,34,5,0,0,0,0
Trammel,34,6,0,0,0,0
Trammel,34,7,110700,2,1107002,4
Trammel,34,10,110700,2,1107002,8
Trammel,34,12,0,0,0,0
Trammel,34,13,0,0,0,0
Trammel,34,14,0,0,0,0
Trammel,34,15,0,0,0,0
Trammel,34,16,0,0,0,0
Trammel,34,17,0,0,0,0
Trammel,34,18,0,0,0,0
Trammel,34,19,0,0,0,0
Trammel,34,20,0,0,0,0
Trammel,34,21,0,0,0,0
Trammel,34,22,0,0,0,0
Trammel,34,23,0,0,0,0
Trammel,34,24,0,0,0,11
Trammel,34,25,0,0,0,12
Trammel,34,26,0,0,0,7
Trammel,34,27,0,0,0,6
Trammel,34,28,0,0,0,12
Trammel,34,29,0,0,0,8
Trammel,34,30,0,0,0,6
Trammel,34,31,0,0,0,0
Trammel,34,32,0,0,0,0
Trammel,35,0,0,0,0,0
Trammel,35,1,0,0,0,0
Trammel,35,2,0,0,0,0
Trammel,35,3,0,0,0,0
Trammel,35,4,0,0,0,0
Trammel,35,5,0,0,0,0
Trammel,35,6,0,0,0,0
Trammel,35,8,110700,2,1107002,12
Trammel,35,9,110700,2,1107002,19
Trammel,35,10,110700,2,1107002,22
Trammel,35,11,110705,2,1107052,17
Trammel,35,12,0,0,0,0
Trammel,35,13,0,0,0,0
Trammel,35,14,0,0,0,0
Trammel,35,15,0,0,0,0
Trammel,35,16,0,0,0,0
Trammel,35,17,0,0,0,0
Trammel,35,18,0,0,0,0
Trammel,35,19,0,0,0,0
Trammel,35,20,0,0,0,0
Trammel,35,21,0,0,0,0
Trammel,35,22,0,0,0,0
Trammel,35,23,0,0,0,0
Trammel,35,24,0,0,0,10
Trammel,35,25,0,0,0,16
Trammel,35,26,0,0,0,15
Trammel,35,27,0,0,0,15
Trammel,35,28,0,0,0,6
Trammel,35,29,0,0,0,7
Trammel,35,30,0,0,0,6
Trammel,35,31,0,0,0,2
Trammel,35,32,0,0,0,0
Trammel,36,0,0,0,0,0
Trammel,36,1,0,0,0,0
Trammel,36,2,0,0,0,0
Trammel,36,3,0,0,0,0
Trammel,36,4,0,0,0,0
Trammel,36,5,0,0,0,0
Trammel,36,6,0,0,0,0
Trammel,36,7,110700,1,1107001,0
Trammel,36,8,110700,2,1107002,5
Trammel,36,9,110700,2,1107002,10
Trammel,36,10,110700,2,1107002,11
Trammel,36,11,110700,2,1107002,12
Trammel,36,12,0,0,0,0
Trammel,36,13,0,0,0,0
Trammel,36,14,0,0,0,0
Trammel,36,15,0,0,0,0
Trammel,36,16,0,0,0,0
Trammel,36,17,0,0,0,0
Trammel,36,18,0,0,0,0
Trammel,36,19,0,0,0,0
Trammel,36,20,0,0,0,0
Trammel,36,21,0,0,0,0
Trammel,36,22,0,0,0,0
Trammel,36,23,0,0,0,0
Trammel,36,24,0,0,0,0
Trammel,36,25,0,0,0,2
Trammel,36,26,0,0,0,13
Trammel,36,27,0,0,0,6
Trammel,36,28,0,0,0,2
Trammel,36,29,0,0,0,5
Trammel,36,30,0,0,0,2
Trammel,36,31,0,0,0,0
Trammel,36,32,0,0,0,0
Trammel,37,0,0,0,0,0
Trammel,37,1,0,0,0,0
Trammel,37,2,0,0,0,0
Trammel,37,3,0,0,0,0
Trammel,37,4,0,0,0,0
Trammel,37,5,0,0,0,0
Trammel,37,6,0,0,0,0
Trammel,37,7,0,0,0,0
Trammel,37,8,0,0,0,0
Trammel,37,9,0,0,0,0
Trammel,37,10,0,0,0,0
Trammel,37,11,0,0,0,0
Trammel,37,12,0,0,0,0
Trammel,37,13,0,0,0,0
Trammel,37,14,0,0,0,0
Trammel,37,15,0,0,0,0
Trammel,37,16,0,0,0,0
Trammel,37,17,0,0,0,0
Trammel,37,18,0,0,0,0
Trammel,37,19,0,0,0,0
Trammel,37,20,0,0,0,0
Trammel,37,21,0,0,0,0
Trammel,37,22,0,0,0,0
Trammel,37,23,0,0,0,0
Trammel,37,24,0,0,0,0
Trammel,37,25,0,0,0,0
Trammel,37,26,0,0,0,0
Trammel,37,27,0,0,0,6
Trammel,37,28,0,0,0,8
Trammel,37,29,0,0,0,10
Trammel,37,30,0,0,0,2
Trammel,37,31,0,0,0,0
Trammel,37,32,0,0,0,0
Trammel,38,0,0,0,0,0
Trammel,38,1,0,0,0,0
Trammel,38,2,0,0,0,0
Trammel,38,3,0,0,0,0
Trammel,38,4,0,0,0,0
Trammel,38,5,0,0,0,0
Trammel,38,6,0,0,0,0
Trammel,38,7,0,0,0,0
Trammel,38,8,0,0,0,0
Trammel,38,9,0,0,0,0
Trammel,38,10,0,0,0,0
Trammel,38,11,0,0,0,0
Trammel,38,12,0,0,0,0
Trammel,38,13,0,0,0,0
Trammel,38,14,0,0,0,0
Trammel,38,15,0,0,0,0
Trammel,38,16,0,0,0,0
Trammel,38,17,0,0,0,0
Trammel,38,18,0,0,0,0
Trammel,38,19,0,0,0,0
Trammel,38,20,0,0,0,0
Trammel,38,21,0,0,0,0
Trammel,38,22,0,0,0,0
Trammel,38,23,0,0,0,0
Trammel,38,24,0,0,0,0
Trammel,38,25,0,0,0,0
Trammel,38,26,0,0,0,0
Trammel,38,27,0,0,0,0
Trammel,38,28,0,0,0,0
Trammel,38,29,0,0,0,0
Trammel,38,30,0,0,0,0
Trammel,38,31,0,0,0,0
Trammel,38,32,0,0,0,0
Trammel,39,0,0,0,0,0
Trammel,39,1,0,0,0,0
Trammel,39,2,0,0,0,0
Trammel,39,3,0,0,0,0
Trammel,39,4,0,0,0,0
Trammel,39,5,0,0,0,0
Trammel,39,6,0,0,0,0
Trammel,39,7,0,0,0,0
Trammel,39,8,0,0,0,0
Trammel,39,9,0,0,0,0
Trammel,39,10,0,0,0,0
Trammel,39,11,0,0,0,0
Trammel,39,12,0,0,0,0
Trammel,39,13,0,0,0,0
Trammel,39,14,0,0,0,0
Trammel,39,15,0,0,0,0
Trammel,39,16,0,0,0,0
Trammel,39,17,0,0,0,0
Trammel,39,18,0,0,0,0
Trammel,39,19,0,0,0,0
Trammel,39,20,0,0,0,0
Trammel,39,21,0,0,0,0
Trammel,39,22,0,0,0,0
Trammel,39,23,0,0,0,0
Trammel,39,24,0,0,0,0
Trammel,39,25,0,0,0,0
Trammel,39,26,0,0,0,0
Trammel,39,27,0,0,0,0
Trammel,39,28,0,0,0,0
Trammel,39,29,0,0,0,0
Trammel,39,30,0,0,0,0
Trammel,39,31,0,0,0,0
Trammel,39,32,0,0,0,0
Trammel,40,1,111400,1,1114001,0
Trammel,40,2,0,3,1114003,7
Trammel,40,3,0,0,0,1
Trammel,40,8,0,0,0,0
Trammel,40,9,0,0,0,0
Trammel,40,10,0,0,0,19
Trammel,40,11,0,0,0,15
Trammel,40,14,0,0,0,6
Trammel,40,15,0,0,0,3
Trammel,40,16,0,0,0,1
Trammel,40,17,0,0,0,0
Trammel,40,18,0,0,0,15
Trammel,40,19,0,0,0,2
Trammel,40,20,0,0,0,0
Trammel,40,21,0,0,0,0
Trammel,40,22,0,0,0,5
Trammel,40,23,0,0,0,2
Trammel,40,24,0,0,0,3
Trammel,40,25,0,0,0,8
Trammel,40,26,0,0,0,5
Trammel,40,27,0,0,0,17
Trammel,40,28,0,0,0,1
Trammel,40,29,0,0,0,12
Trammel,40,30,0,0,0,11
Trammel,40,32,0,0,0,0
Trammel,41,1,0,0,0,0
Trammel,41,2,0,3,1114003,4
Trammel,41,3,0,0,0,1
Trammel,41,8,0,0,0,0
Trammel,41,9,0,0,0,0
Trammel,41,11,0,0,0,10
Trammel,41,14,0,0,0,7
Trammel,41,16,0,0,0,1
Trammel,41,17,0,0,0,0
Trammel,41,18,0,0,0,2
Trammel,41,19,0,0,0,0
Trammel,41,20,0,0,0,1
Trammel,41,21,0,0,0,0
Trammel,41,22,0,0,0,0
Trammel,41,23,0,0,0,0
Trammel,41,24,0,0,0,4
Trammel,41,25,0,0,0,2
Trammel,41,26,0,0,0,10
Trammel,41,27,0,0,0,18
Trammel,41,28,0,0,0,15
Trammel,41,29,0,0,0,15
Trammel,41,30,0,0,0,17
Trammel,41,32,0,0,0,0
Trammel,42,2,0,0,0,21
Trammel,42,3,0,0,0,22
Trammel,42,12,0,0,0,5
Trammel,42,13,0,0,0,1
Trammel,42,16,0,0,0,2
Trammel,42,17,0,0,0,0
Trammel,42,18,0,0,0,14
Trammel,42,19,0,0,0,2
Trammel,42,20,0,0,0,10
Trammel,42,21,0,0,0,10
Trammel,42,22,0,0,0,7
Trammel,42,23,0,0,0,1
Trammel,42,25,0,0,0,8
Trammel,42,26,0,0,0,12
Trammel,42,27,0,0,0,16
Trammel,42,28,0,0,0,14
Trammel,42,29,0,0,0,16
Trammel,42,30,0,0,0,10
Trammel,42,31,0,0,0,16
Trammel,42,32,0,0,0,0
Trammel,43,2,0,0,0,31
Trammel,43,3,0,0,0,27
Trammel,43,12,0,0,0,1
Trammel,43,13,0,0,0,1
Trammel,43,16,0,0,0,2
Trammel,43,17,0,0,0,0
Trammel,43,18,0,0,0,7
Trammel,43,19,0,0,0,4
Trammel,43,20,0,0,0,12
Trammel,43,21,0,0,0,18
Trammel,43,22,0,0,0,20
Trammel,43,23,0,0,0,0
Trammel,43,24,0,0,0,3
Trammel,43,25,0,0,0,5
Trammel,43,26,0,0,0,15
Trammel,43,27,0,0,0,13
Trammel,43,28,0,0,0,10
Trammel,43,29,0,0,0,9
Trammel,43,30,0,0,0,21
Trammel,43,31,0,0,0,6
Trammel,43,32,0,0,0,0
Trammel,44,3,0,0,0,0
Trammel,44,12,0,0,0,1
Trammel,44,13,0,0,0,0
Trammel,44,16,0,0,0,1
Trammel,44,17,0,0,0,0
Trammel,44,18,0,0,0,1
Trammel,44,19,0,0,0,9
Trammel,44,20,0,0,0,14
Trammel,44,21,0,0,0,12
Trammel,44,22,0,0,0,7
Trammel,44,23,0,0,0,0
Trammel,44,26,0,0,0,11
Trammel,44,27,0,0,0,16
Trammel,44,28,0,0,0,15
Trammel,44,29,0,0,0,8
Trammel,44,30,0,0,0,12
Trammel,44,31,0,0,0,11
Trammel,44,32,0,0,0,0
Trammel,45,3,0,0,0,0
Trammel,45,12,0,0,0,10
Trammel,45,13,0,0,0,4
Trammel,45,16,0,0,0,1
Trammel,45,17,0,0,0,0
Trammel,45,18,0,0,0,8
Trammel,45,19,0,0,0,2
Trammel,45,20,0,0,0,9
Trammel,45,21,0,0,0,4
Trammel,45,22,0,0,0,1
Trammel,45,23,0,0,0,0
Trammel,45,26,0,0,0,10
Trammel,45,27,0,0,0,12
Trammel,45,28,0,0,0,18
Trammel,45,29,0,0,0,11
Trammel,45,30,0,0,0,14
Trammel,45,31,0,0,0,12
Trammel,45,32,0,0,0,0
Trammel,46,2,0,0,0,3
Trammel,46,3,0,0,0,1
Trammel,46,12,0,0,0,6
Trammel,46,13,0,0,0,2
Trammel,46,14,0,0,0,1
Trammel,46,15,0,0,0,1
Trammel,46,16,0,0,0,3
Trammel,46,17,0,0,0,0
Trammel,46,18,0,0,0,23
Trammel,46,19,0,0,0,1
Trammel,46,20,0,0,0,0
Trammel,46,21,0,0,0,0
Trammel,46,22,0,0,0,6
Trammel,46,23,0,0,0,2
Trammel,46,24,0,0,0,0
Trammel,46,25,0,0,0,7
Trammel,46,26,0,0,0,8
Trammel,46,27,0,0,0,9
Trammel,46,28,0,0,0,17
Trammel,46,29,0,0,0,12
Trammel,46,30,0,0,0,16
Trammel,46,31,0,0,0,15
Trammel,46,32,0,0,0,0
Trammel,47,2,0,0,0,5
Trammel,47,3,0,0,0,1
Trammel,47,12,0,0,0,5
Trammel,47,13,0,0,0,1
Trammel,47,14,0,0,0,1
Trammel,47,15,0,0,0,1
Trammel,47,16,0,0,0,1
Trammel,47,17,0,0,0,0
Trammel,47,18,0,0,0,15
Trammel,47,19,0,0,0,3
Trammel,47,20,0,0,0,0
Trammel,47,21,0,0,0,0
Trammel,47,22,0,0,0,6
Trammel,47,23,0,0,0,8
Trammel,47,24,0,0,0,0
Trammel,47,25,0,0,0,6
Trammel,47,26,0,0,0,3
Trammel,47,27,0,0,0,7
Trammel,47,28,0,0,0,14
Trammel,47,29,0,0,0,7
Trammel,47,30,0,0,0,15
Trammel,47,31,0,0,0,17
Trammel,47,32,0,0,0,0
Trammel,48,5,0,0,0,0
Trammel,48,6,0,0,0,0
Trammel,48,7,0,0,0,0
Trammel,48,8,0,0,0,0
Trammel,48,9,0,0,0,0
Trammel,48,10,0,0,0,0
Trammel,48,11,0,0,0,0
Trammel,48,12,0,0,0,0
Trammel,48,13,0,0,0,0
Trammel,48,14,0,0,0,0
Trammel,48,15,0,0,0,0
Trammel,48,16,0,0,0,0
Trammel,48,17,0,0,0,0
Trammel,48,22,0,0,0,3
Trammel,48,23,0,0,0,0
Trammel,48,24,0,0,0,0
Trammel,48,25,0,0,0,0
Trammel,48,26,0,0,0,0
Trammel,48,27,0,0,0,0
Trammel,48,28,0,0,0,0
Trammel,48,29,0,0,0,0
Trammel,48,30,0,0,0,0
Trammel,48,31,0,0,0,0
Trammel,48,32,0,0,0,0
Trammel,49,5,0,0,0,0
Trammel,49,6,0,0,0,0
Trammel,49,7,0,0,0,0
Trammel,49,8,0,0,0,0
Trammel,49,9,0,0,0,0
Trammel,49,10,0,0,0,0
Trammel,49,11,0,0,0,0
Trammel,49,12,0,0,0,0
Trammel,49,14,0,0,0,0
Trammel,49,15,0,0,0,0
Trammel,49,16,0,0,0,0
Trammel,49,17,0,0,0,0
Trammel,49,22,0,0,0,2
Trammel,49,23,0,0,0,0
Trammel,49,24,0,0,0,0
Trammel,49,25,0,0,0,0
Trammel,49,26,0,0,0,0
Trammel,49,27,0,0,0,0
Trammel,49,28,0,0,0,0
Trammel,49,29,0,0,0,0
Trammel,49,30,0,0,0,0
Trammel,49,31,0,0,0,0
Trammel,49,32,0,0,0,0
Trammel,50,5,0,0,0,0
Trammel,50,8,0,0,0,0
Trammel,50,9,0,0,0,12
Trammel,50,10,0,0,0,1
Trammel,50,11,0,0,0,0
Trammel,50,12,0,0,0,0
Trammel,50,14,0,0,0,0
Trammel,50,15,0,0,0,0
Trammel,50,16,0,0,0,0
Trammel,50,17,0,0,0,0
Trammel,50,22,0,0,0,0
Trammel,50,23,0,0,0,0
Trammel,50,24,0,0,0,0
Trammel,50,25,0,0,0,0
Trammel,50,26,0,0,0,0
Trammel,50,27,0,0,0,0
Trammel,50,28,0,0,0,0
Trammel,50,29,0,0,0,0
Trammel,50,30,0,0,0,0
Trammel,50,31,0,0,0,0
Trammel,50,32,0,0,0,0
Trammel,51,2,0,0,0,0
Trammel,51,3,0,0,0,0
Trammel,51,4,0,0,0,0
Trammel,51,5,0,0,0,0
Trammel,51,8,0,0,0,0
Trammel,51,9,0,0,0,0
Trammel,51,10,0,0,0,0
Trammel,51,11,0,0,0,0
Trammel,51,12,0,0,0,0
Trammel,51,13,0,0,0,0
Trammel,51,14,0,0,0,0
Trammel,51,15,0,0,0,0
Trammel,51,16,0,0,0,0
Trammel,51,17,0,0,0,0
Trammel,51,18,0,0,0,0
Trammel,51,19,0,0,0,0
Trammel,51,20,0,0,0,0
Trammel,51,21,0,0,0,0
Trammel,51,22,0,0,0,0
Trammel,51,23,0,0,0,0
Trammel,51,24,0,0,0,0
Trammel,51,25,0,0,0,0
Trammel,51,26,0,0,0,7
Trammel,51,27,0,0,0,2
Trammel,51,28,0,0,0,0
Trammel,51,29,0,0,0,0
Trammel,51,30,0,0,0,0
Trammel,51,31,0,0,0,0
Trammel,51,32,0,0,0,0
Trammel,52,0,0,0,0,0
Trammel,52,1,0,0,0,0
Trammel,52,2,0,0,0,0
Trammel,52,3,0,0,0,0
Trammel,52,4,0,0,0,0
Trammel,52,5,0,0,0,10
Trammel,52,6,0,0,0,0
Trammel,52,7,0,0,0,0
Trammel,52,8,0,0,0,0
Trammel,52,9,0,0,0,0
Trammel,52,10,0,0,0,0
Trammel,52,11,0,0,0,0
Trammel,52,12,0,0,0,0
Trammel,52,13,0,0,0,0
Trammel,52,14,0,0,0,0
Trammel,52,15,0,0,0,0
Trammel,52,16,0,0,0,1
Trammel,52,17,0,0,0,3
Trammel,52,18,0,0,0,0
Trammel,52,19,0,0,0,0
Trammel,52,20,0,0,0,0
Trammel,52,21,0,0,0,0
Trammel,52,22,0,0,0,0
Trammel,52,23,0,0,0,0
Trammel,52,24,0,0,0,0
Trammel,52,25,0,0,0,1
Trammel,52,26,0,0,0,5
Trammel,52,27,0,0,0,4
Trammel,52,28,0,0,0,0
Trammel,52,29,0,0,0,0
Trammel,52,30,0,0,0,0
Trammel,52,31,0,0,0,0
Trammel,52,32,0,0,0,0
Trammel,53,0,0,0,0,0
Trammel,53,1,0,0,0,0
Trammel,53,2,0,0,0,0
Trammel,53,3,0,0,0,0
Trammel,53,4,0,0,0,0
Trammel,53,5,0,0,0,8
Trammel,53,6,0,0,0,0
Trammel,53,7,0,0,0,0
Trammel,53,8,0,0,0,0
Trammel,53,9,0,0,0,1
Trammel,53,10,0,0,0,0
Trammel,53,11,0,0,0,0
Trammel,53,12,0,0,0,0
Trammel,53,13,0,0,0,0
Trammel,53,14,0,0,0,0
Trammel,53,15,0,0,0,0
Trammel,53,16,0,0,0,2
Trammel,53,17,0,0,0,2
Trammel,53,18,0,0,0,0
Trammel,53,19,0,0,0,0
Trammel,53,20,0,0,0,0
Trammel,53,21,0,0,0,0
Trammel,53,22,0,0,0,0
Trammel,53,23,0,0,0,0
Trammel,53,24,0,0,0,2
Trammel,53,25,0,0,0,12
Trammel,53,26,0,0,0,17
Trammel,53,27,0,0,0,11
Trammel,53,28,0,0,0,1
Trammel,53,29,0,0,0,0
Trammel,53,30,0,0,0,0
Trammel,53,31,0,0,0,0
Trammel,53,32,0,0,0,0
Trammel,54,0,0,0,0,0
Trammel,54,1,0,0,0,0
Trammel,54,4,0,0,0,0
Trammel,54,5,0,0,0,0
Trammel,54,6,0,0,0,0
Trammel,54,7,0,0,0,0
Trammel,54,8,0,0,0,0
Trammel,54,9,0,0,0,0
Trammel,54,10,0,0,0,0
Trammel,54,11,0,0,0,0
Trammel,54,12,0,0,0,0
Trammel,54,13,0,0,0,0
Trammel,54,14,0,0,0,0
Trammel,54,15,0,0,0,0
Trammel,54,16,0,0,0,0
Trammel,54,17,0,0,0,0
Trammel,54,18,0,0,0,0
Trammel,54,19,0,0,0,0
Trammel,54,20,0,0,0,0
Trammel,54,21,0,0,0,0
Trammel,54,22,0,0,0,0
Trammel,54,23,0,0,0,0
Trammel,54,24,0,0,0,0
Trammel,54,25,0,0,0,0
Trammel,54,26,0,0,0,1
Trammel,54,27,0,0,0,3
Trammel,54,28,0,0,0,0
Trammel,54,29,0,0,0,0
Trammel,54,30,0,0,0,0
Trammel,54,31,0,0,0,0
Trammel,54,32,0,0,0,0
Trammel,55,0,0,0,0,0
Trammel,55,1,0,0,0,0
Trammel,55,4,0,0,0,0
Trammel,55,5,0,0,0,0
Trammel,55,6,0,0,0,0
Trammel,55,7,0,0,0,0
Trammel,55,8,0,0,0,0
Trammel,55,9,0,0,0,0
Trammel,55,10,0,0,0,0
Trammel,55,11,0,0,0,0
Trammel,55,12,0,0,0,0
Trammel,55,13,0,0,0,0
Trammel,55,14,0,0,0,0
Trammel,55,15,0,0,0,0
Trammel,55,16,0,0,0,0
Trammel,55,17,0,0,0,0
Trammel,55,18,0,0,0,0
Trammel,55,19,0,0,0,0
Trammel,55,20,0,0,0,0
Trammel,55,21,0,0,0,0
Trammel,55,22,0,0,0,0
Trammel,55,23,0,0,0,0
Trammel,55,24,0,0,0,0
Trammel,55,25,0,0,0,0
Trammel,55,26,0,0,0,0
Trammel,55,27,0,0,0,0
Trammel,55,28,0,0,0,0
Trammel,55,29,0,0,0,0
Trammel,55,30,0,0,0,0
Trammel,55,31,0,0,0,0
Trammel,55,32,0,0,0,0
Trammel,56,0,0,0,0,0
Trammel,56,1,0,0,0,0
Trammel,56,2,0,0,0,0
Trammel,56,3,0,0,0,0
Trammel,56,4,0,0,0,0
Trammel,56,5,0,0,0,0
Trammel,56,6,0,0,0,0
Trammel,56,7,0,0,0,0
Trammel,56,8,0,0,0,0
Trammel,56,9,0,0,0,0
Trammel,56,10,0,0,0,0
Trammel,56,11,0,0,0,0
Trammel,56,12,0,0,0,0
Trammel,56,13,0,0,0,0
Trammel,56,14,0,0,0,0
Trammel,56,15,0,0,0,0
Trammel,56,16,0,0,0,0
Trammel,56,17,0,0,0,0
Trammel,56,18,0,0,0,0
Trammel,56,19,0,0,0,0
Trammel,56,20,0,0,0,0
Trammel,56,21,0,0,0,0
Trammel,56,22,0,0,0,0
Trammel,56,23,0,0,0,0
Trammel,56,24,0,0,0,0
Trammel,56,25,0,0,0,0
Trammel,56,26,0,0,0,0
Trammel,56,27,0,0,0,0
Trammel,56,28,0,0,0,0
Trammel,56,29,0,0,0,0
Trammel,56,30,0,0,0,0
Trammel,56,31,0,0,0,0
Trammel,56,32,0,0,0,0
Malas,0,1,0,0,0,1
Malas,0,6,0,0,0,0
Malas,0,7,0,0,0,0
Malas,0,8,0,0,0,0
Malas,0,9,0,0,0,0
Malas,0,10,0,0,0,0
Malas,0,11,0,0,0,0
Malas,0,12,0,0,0,0
Malas,0,13,0,0,0,0
Malas,0,14,0,0,0,0
Malas,0,15,0,0,0,0
Malas,0,16,0,0,0,0
Malas,1,0,0,0,0,0
Malas,1,1,0,0,0,0
Malas,1,6,0,0,0,0
Malas,1,7,0,0,0,0
Malas,1,8,0,0,0,0
Malas,1,9,0,0,0,0
Malas,1,10,0,0,0,0
Malas,1,11,0,0,0,0
Malas,1,13,0,0,0,0
Malas,1,14,0,0,0,0
Malas,1,16,0,0,0,0
Malas,2,4,0,0,0,1
Malas,2,5,0,0,0,11
Malas,2,6,0,0,0,10
Malas,2,7,0,0,0,0
Malas,2,8,0,0,0,0
Malas,2,9,0,0,0,0
Malas,2,10,0,0,0,0
Malas,2,11,0,0,0,0
Malas,2,12,0,0,0,0
Malas,2,13,0,0,0,0
Malas,2,16,0,0,0,0
Malas,3,4,0,0,0,1
Malas,3,5,0,0,0,13
Malas,3,6,0,0,0,12
Malas,3,7,0,0,0,0
Malas,3,8,0,0,0,0
Malas,3,9,0,0,0,0
Malas,3,10,0,0,0,0
Malas,3,11,0,0,0,0
Malas,3,12,0,0,0,0
Malas,3,13,0,0,0,0
Malas,3,16,0,0,0,0
Malas,4,0,0,0,0,0
Malas,4,1,0,0,0,0
Malas,4,2,0,0,0,0
Malas,4,3,0,0,0,0
Malas,4,4,0,0,0,0
Malas,4,5,0,0,0,0
Malas,4,6,0,0,0,0
Malas,4,7,0,0,0,0
Malas,4,8,0,0,0,0
Malas,4,9,0,0,0,0
Malas,4,10,0,0,0,0
Malas,4,11,0,0,0,0
Malas,4,12,0,0,0,0
Malas,4,13,0,0,0,0
Malas,4,14,0,0,0,0
Malas,4,15,0,0,0,0
Malas,4,16,0,0,0,0
Malas,5,0,0,0,0,0
Malas,5,1,0,0,0,0
Malas,5,2,0,0,0,0
Malas,5,3,0,0,0,0
Malas,5,4,0,0,0,0
Malas,5,5,0,0,0,0
Malas,5,6,0,0,0,0
Malas,5,7,0,0,0,0
Malas,5,8,0,0,0,0
Malas,5,9,0,0,0,0
Malas,5,10,0,0,0,0
Malas,5,11,0,0,0,0
Malas,5,12,0,0,0,0
Malas,5,13,0,0,0,0
Malas,5,14,0,0,0,0
Malas,5,15,0,0,0,0
Malas,5,16,0,0,0,0
Malas,6,0,0,0,0,0
Malas,6,1,0,0,0,0
Malas,6,2,0,0,0,0
Malas,6,3,0,0,0,0
Malas,6,4,0,0,0,0
Malas,6,5,0,0,0,0
Malas,6,6,0,0,0,0
Malas,6,7,0,0,0,0
Malas,6,8,0,0,0,0
Malas,6,9,0,0,0,0
Malas,6,10,0,0,0,0
Malas,6,11,0,0,0,0
Malas,6,12,0,0,0,0
Malas,6,13,0,0,0,0
Malas,6,14,0,0,0,0
Malas,6,15,0,0,0,0
Malas,6,16,0,0,0,0
Malas,7,0,0,0,0,0
Malas,7,1,0,0,0,0
Malas,7,2,0,0,0,0
Malas,7,3,0,0,0,0
Malas,7,4,410100,1,4101001,0
Malas,7,5,0,0,0,0
Malas,7,6,0,0,0,0
Malas,7,7,0,0,0,0
Malas,7,8,0,0,0,0
Malas,7,9,0,0,0,0
Malas,7,10,0,0,0,0
Malas,7,11,0,0,0,0
Malas,7,12,0,0,0,0
Malas,7,13,0,0,0,0
Malas,7,14,0,0,0,0
Malas,7,15,0,0,0,0
Malas,7,16,0,0,0,0
Malas,8,0,0,0,0,0
Malas,8,1,0,0,0,0
Malas,8,2,0,0,0,0
Malas,8,3,0,0,0,0
Malas,8,4,0,0,0,0
Malas,8,5,0,0,0,0
Malas,8,6,0,0,0,0
Malas,8,7,0,0,0,0
Malas,8,8,0,0,0,0
Malas,8,9,0,0,0,0
Malas,8,10,0,0,0,0
Malas,8,11,0,0,0,0
Malas,8,12,0,0,0,0
Malas,8,13,0,0,0,0
Malas,8,14,0,0,0,0
Malas,8,15,0,0,0,0
Malas,8,16,0,0,0,0
Malas,9,0,0,0,0,0
Malas,9,1,0,0,0,0
Malas,9,2,0,0,0,0
Malas,9,3,0,0,0,0
Malas,9,4,0,0,0,0
Malas,9,5,0,0,0,0
Malas,9,6,0,0,0,0
Malas,9,7,0,0,0,0
Malas,9,8,0,0,0,0
Malas,9,9,0,0,0,0
Malas,9,10,0,0,0,0
Malas,9,11,0,0,0,0
Malas,9,12,0,0,0,0
Malas,9,13,0,0,0,0
Malas,9,14,0,0,0,0
Malas,9,15,0,0,0,0
Malas,9,16,0,0,0,0
Malas,10,0,0,0,0,0
Malas,10,1,0,0,0,0
Malas,10,2,0,0,0,0
Malas,10,3,0,0,0,0
Malas,10,4,0,0,0,0
Malas,10,5,0,0,0,0
Malas,10,6,0,0,0,0
Malas,10,7,0,0,0,0
Malas,10,8,0,0,0,0
Malas,10,9,431200,1,4312001,0
Malas,10,10,0,0,0,0
Malas,10,11,0,0,0,0
Malas,10,12,0,0,0,0
Malas,10,13,0,0,0,0
Malas,10,14,0,0,0,0
Malas,10,15,0,0,0,0
Malas,10,16,0,0,0,0
Malas,11,0,0,0,0,0
Malas,11,1,0,0,0,0
Malas,11,2,0,0,0,0
Malas,11,3,0,0,0,0
Malas,11,4,0,0,0,0
Malas,11,5,0,0,0,0
Malas,11,6,0,0,0,0
Malas,11,7,0,0,0,0
Malas,11,8,0,0,0,0
Malas,11,9,0,0,0,0
Malas,11,10,0,0,0,0
Malas,11,11,0,0,0,0
Malas,11,12,430800,1,4308001,0
Malas,11,13,430800,1,4308001,0
Malas,11,14,0,0,0,0
Malas,11,15,0,0,0,0
Malas,11,16,0,0,0,0
Malas,12,0,0,0,0,0
Malas,12,1,0,0,0,0
Malas,12,2,0,0,0,0
Malas,12,3,0,0,0,0
Malas,12,4,0,0,0,0
Malas,12,5,0,0,0,0
Malas,12,6,0,0,0,0
Malas,12,7,0,0,0,0
Malas,12,8,0,0,0,0
Malas,12,9,0,0,0,0
Malas,12,10,0,0,0,0
Malas,12,11,0,0,0,0
Malas,12,12,0,0,0,0
Malas,12,13,0,0,0,0
Malas,12,14,0,0,0,0
Malas,12,15,0,0,0,0
Malas,12,16,0,0,0,0
Malas,13,0,0,0,0,0
Malas,13,1,0,0,0,0
Malas,13,2,0,0,0,0
Malas,13,3,0,0,0,0
Malas,13,4,0,0,0,0
Malas,13,5,0,0,0,0
Malas,13,6,0,0,0,0
Malas,13,7,0,0,0,0
Malas,13,8,0,0,0,0
Malas,13,9,0,0,0,0
Malas,13,10,0,0,0,0
Malas,13,11,0,0,0,0
Malas,13,12,0,0,0,0
Malas,13,13,0,0,0,0
Malas,13,14,0,0,0,0
Malas,13,15,0,0,0,0
Malas,13,16,0,0,0,0
Malas,14,0,0,0,0,0
Malas,14,1,0,0,0,0
Malas,14,2,0,0,0,0
Malas,14,3,0,0,0,0
Malas,14,4,0,0,0,0
Malas,14,5,0,0,0,0
Malas,14,6,0,0,0,0
Malas,14,7,0,0,0,0
Malas,14,8,0,0,0,0
Malas,14,9,0,0,0,0
Malas,14,10,0,0,0,0
Malas,14,11,0,0,0,0
Malas,14,12,0,0,0,0
Malas,14,13,0,0,0,0
Malas,14,14,0,0,0,0
Malas,14,15,0,0,0,0
Malas,14,16,0,0,0,0
Malas,15,0,0,0,0,0
Malas,15,1,0,0,0,0
Malas,15,2,430900,1,4309001,0
Malas,15,3,0,0,0,0
Malas,15,4,0,0,0,0
Malas,15,5,0,0,0,0
Malas,15,6,430100,1,4301001,0
Malas,15,7,0,0,0,0
Malas,15,8,0,0,0,0
Malas,15,9,0,0,0,0
Malas,15,11,0,0,0,0
Malas,15,12,0,0,0,0
Malas,15,13,0,0,0,0
Malas,15,14,0,0,0,0
Malas,15,15,0,0,0,0
Malas,15,16,0,0,0,0
Malas,16,0,0,0,0,0
Malas,16,1,430900,1,4309001,0
Malas,16,2,430900,1,4309001,0
Malas,16,3,0,0,0,0
Malas,16,4,431800,1,4318001,0
Malas,16,5,0,0,0,0
Malas,16,6,0,0,0,0
Malas,16,7,0,0,0,0
Malas,16,8,0,0,0,0
Malas,16,9,0,0,0,0
Malas,16,10,0,0,0,0
Malas,16,11,0,0,0,0
Malas,16,12,0,0,0,0
Malas,16,13,0,0,0,0
Malas,16,14,0,0,0,0
Malas,16,15,0,0,0,0
Malas,16,16,0,0,0,0
Malas,17,0,0,0,0,0
Malas,17,1,430900,1,4309001,0
Malas,17,2,430900,1,4309001,0
Malas,17,3,0,0,0,0
Malas,17,4,0,0,0,0
Malas,17,5,0,0,0,0
Malas,17,6,0,0,0,0
Malas,17,7,0,0,0,0
Malas,17,8,0,0,0,0
Malas,17,9,0,0,0,0
Malas,17,10,0,0,0,0
Malas,17,11,0,0,0,0
Malas,17,12,0,0,0,0
Malas,17,13,0,0,0,0
Malas,17,14,0,0,0,0
Malas,17,15,0,0,0,0
Malas,17,16,0,0,0,0
Malas,18,0,0,0,0,0
Malas,18,1,0,0,0,0
Malas,18,2,0,0,0,0
Malas,18,3,0,0,0,0
Malas,18,4,0,0,0,0
Malas,18,5,0,0,0,0
Malas,18,6,0,0,0,0
Malas,18,7,0,0,0,0
Malas,18,8,0,0,0,0
Malas,18,9,0,0,0,0
Malas,18,10,0,0,0,0
Malas,18,11,0,0,0,0
Malas,18,12,0,0,0,0
Malas,18,13,0,0,0,0
Malas,18,14,0,0,0,0
Malas,18,15,0,0,0,0
Malas,18,16,0,0,0,0
Malas,19,0,0,0,0,0
Malas,19,1,0,0,0,0
Malas,19,2,0,0,0,0
Malas,19,3,0,0,0,0
Malas,19,4,0,0,0,0
Malas,19,5,0,0,0,0
Malas,19,6,0,0,0,0
Malas,19,7,0,0,0,0
Malas,19,8,0,0,0,0
Malas,19,9,0,0,0,0
Malas,19,10,0,0,0,0
Malas,19,11,0,0,0,0
Malas,19,12,0,0,0,0
Malas,19,13,0,0,0,0
Malas,19,14,0,0,0,0
Malas,19,15,0,0,0,0
Malas,19,16,0,0,0,0
Malas,20,0,0,0,0,0
Malas,20,1,0,0,0,0
Malas,20,2,0,0,0,0
Malas,20,3,0,0,0,0
Malas,20,4,0,0,0,0
Malas,20,5,0,0,0,0
Malas,20,6,0,0,0,0
Malas,20,7,0,0,0,0
Malas,20,8,0,0,0,0
Malas,20,9,0,0,0,0
Malas,20,10,0,0,0,0
Malas,20,11,0,0,0,0
Malas,20,12,0,0,0,0
Malas,20,13,0,0,0,0
Malas,20,14,0,0,0,0
Malas,20,15,0,0,0,0
Malas,20,16,0,0,0,0
Tokuno,0,0,0,0,0,0
Tokuno,0,1,0,0,0,0
Tokuno,0,2,0,0,0,0
Tokuno,0,3,0,0,0,0
Tokuno,0,4,0,0,0,0
Tokuno,0,5,0,0,0,1
Tokuno,0,6,0,0,0,0
Tokuno,0,7,0,0,0,0
Tokuno,0,8,0,0,0,0
Tokuno,0,9,0,0,0,0
Tokuno,0,10,0,0,0,0
Tokuno,0,11,0,0,0,0
Tokuno,1,0,0,0,0,0
Tokuno,1,1,0,0,0,1
Tokuno,1,2,0,3,5303003,4
Tokuno,1,3,0,0,0,0
Tokuno,1,4,0,3,5303003,5
Tokuno,1,5,0,3,5303003,22
Tokuno,1,6,0,0,0,17
Tokuno,1,7,0,0,0,26
Tokuno,1,8,0,0,0,12
Tokuno,1,9,0,0,0,1
Tokuno,1,10,0,0,0,0
Tokuno,1,11,0,0,0,0
Tokuno,2,0,0,0,0,0
Tokuno,2,1,0,0,0,2
Tokuno,2,2,0,3,5303003,12
Tokuno,2,3,530300,2,5303002,27
Tokuno,2,4,530300,2,5303002,22
Tokuno,2,5,0,3,5303003,22
Tokuno,2,6,0,0,0,2
Tokuno,2,7,0,0,0,0
Tokuno,2,8,0,0,0,6
Tokuno,2,9,0,0,0,3
Tokuno,2,10,0,0,0,2
Tokuno,2,11,0,0,0,0
Tokuno,3,0,0,0,0,2
Tokuno,3,1,0,0,0,1
Tokuno,3,2,0,3,5303003,19
Tokuno,3,3,0,3,5303003,27
Tokuno,3,4,0,3,5303003,19
Tokuno,3,5,0,0,0,0
Tokuno,3,6,0,0,0,0
Tokuno,3,7,0,0,0,1
Tokuno,3,8,0,0,0,0
Tokuno,3,9,0,0,0,0
Tokuno,3,10,0,0,0,0
Tokuno,3,11,0,0,0,0
Tokuno,4,0,0,0,0,0
Tokuno,4,1,0,0,0,0
Tokuno,4,2,0,0,0,10
Tokuno,4,3,0,0,0,25
Tokuno,4,4,0,0,0,15
Tokuno,4,5,0,0,0,0
Tokuno,4,6,0,0,0,21
Tokuno,4,7,0,0,0,40
Tokuno,4,8,0,0,0,0
Tokuno,4,9,0,3,5101003,13
Tokuno,4,10,0,3,5101003,1
Tokuno,4,11,0,0,0,0
Tokuno,5,0,0,0,0,0
Tokuno,5,1,0,0,0,5
Tokuno,5,2,0,0,0,2
Tokuno,5,3,0,0,0,8
Tokuno,5,4,0,0,0,1
Tokuno,5,5,0,0,0,0
Tokuno,5,6,0,0,0,18
Tokuno,5,7,0,0,0,45
Tokuno,5,8,0,0,0,10
Tokuno,5,10,510100,2,5101002,12
Tokuno,5,11,0,0,0,0
Tokuno,6,0,0,0,0,1
Tokuno,6,1,0,0,0,25
Tokuno,6,2,0,0,0,20
Tokuno,6,3,0,0,0,8
Tokuno,6,4,0,0,0,4
Tokuno,6,5,0,0,0,8
Tokuno,6,6,0,0,0,10
Tokuno,6,7,0,0,0,14
Tokuno,6,8,0,0,0,19
Tokuno,6,9,0,3,5101003,28
Tokuno,6,10,0,3,5101003,9
Tokuno,6,11,0,0,0,0
Tokuno,7,0,0,0,0,9
Tokuno,7,1,0,0,0,21
Tokuno,7,2,0,0,0,35
Tokuno,7,3,0,0,0,28
Tokuno,7,4,0,0,0,12
Tokuno,7,5,0,0,0,8
Tokuno,7,6,0,0,0,24
Tokuno,7,7,0,0,0,0
Tokuno,7,8,0,0,0,4
Tokuno,7,9,0,0,0,5
Tokuno,7,10,0,0,0,0
Tokuno,7,11,0,0,0,0
Tokuno,8,0,0,0,0,0
Tokuno,8,1,0,0,0,0
Tokuno,8,2,0,0,0,5
Tokuno,8,3,0,0,0,20
Tokuno,8,4,0,0,0,16
Tokuno,8,5,0,0,0,1
Tokuno,8,6,0,0,0,33
Tokuno,8,7,0,0,0,28
Tokuno,8,8,0,0,0,10
Tokuno,8,9,0,0,0,0
Tokuno,8,10,0,0,0,0
Tokuno,8,11,0,0,0,0
Tokuno,9,0,0,0,0,0
Tokuno,9,1,0,0,0,0
Tokuno,9,2,0,0,0,0
Tokuno,9,3,0,0,0,8
Tokuno,9,4,0,0,0,21
Tokuno,9,5,0,0,0,3
Tokuno,9,6,0,0,0,46
Tokuno,9,7,0,0,0,42
Tokuno,9,8,0,0,0,15
Tokuno,9,9,0,0,0,0
Tokuno,9,10,0,0,0,0
Tokuno,9,11,0,0,0,0
Tokuno,10,0,0,0,0,0
Tokuno,10,1,0,0,0,0
Tokuno,10,2,0,0,0,0
Tokuno,10,3,0,0,0,0
Tokuno,10,4,0,0,0,13
Tokuno,10,5,0,0,0,22
Tokuno,10,6,0,0,0,23
Tokuno,10,7,0,0,0,5
Tokuno,10,8,0,0,0,0
Tokuno,10,9,0,0,0,0
Tokuno,10,10,0,0,0,0
Tokuno,10,11,0,0,0,0
Tokuno,11,0,0,0,0,0
Tokuno,11,1,0,0,0,0
Tokuno,11,2,0,0,0,0
Tokuno,11,3,0,0,0,0
Tokuno,11,4,0,0,0,0
Tokuno,11,5,0,0,0,0
Tokuno,11,6,0,0,0,0
Tokuno,11,7,0,0,0,0
Tokuno,11,8,0,0,0,0
Tokuno,11,9,0,0,0,0
Tokuno,11,10,0,0,0,0
Tokuno,11,11,0,0,0,0
TerMur,0,0,0,0,0,0
TerMur,0,1,0,0,0,0
TerMur,0,7,0,0,0,0
TerMur,0,8,0,0,0,0
TerMur,0,9,0,0,0,0
TerMur,0,10,0,0,0,1
TerMur,0,11,0,0,0,1
TerMur,0,12,0,0,0,1
TerMur,0,13,0,0,0,13
TerMur,0,14,0,0,0,7
TerMur,0,15,0,0,0,1
TerMur,0,16,0,0,0,0
TerMur,0,17,0,0,0,0
TerMur,0,18,0,0,0,5
TerMur,0,19,0,0,0,3
TerMur,0,20,0,0,0,0
TerMur,0,21,0,0,0,0
TerMur,0,22,0,0,0,0
TerMur,0,23,0,0,0,0
TerMur,0,24,0,0,0,0
TerMur,0,25,0,0,0,0
TerMur,0,26,0,0,0,0
TerMur,0,27,0,0,0,0
TerMur,0,28,0,0,0,0
TerMur,0,29,0,0,0,0
TerMur,0,30,0,0,0,0
TerMur,0,31,0,0,0,0
TerMur,0,32,0,0,0,0
TerMur,1,0,0,0,0,0
TerMur,1,1,0,0,0,0
TerMur,1,2,0,0,0,0
TerMur,1,3,0,0,0,0
TerMur,1,4,0,0,0,0
TerMur,1,5,0,0,0,0
TerMur,1,6,0,0,0,0
TerMur,1,7,0,0,0,0
TerMur,1,8,0,0,0,0
TerMur,1,9,0,0,0,0
TerMur,1,10,0,0,0,3
TerMur,1,11,0,0,0,15
TerMur,1,12,0,0,0,23
TerMur,1,13,0,0,0,15
TerMur,1,14,0,0,0,29
TerMur,1,15,0,0,0,9
TerMur,1,16,0,0,0,0
TerMur,1,17,0,0,0,0
TerMur,1,18,0,0,0,5
TerMur,1,19,0,0,0,3
TerMur,1,20,0,0,0,0
TerMur,1,21,0,0,0,0
TerMur,1,22,0,0,0,0
TerMur,1,23,0,0,0,0
TerMur,1,24,0,0,0,0
TerMur,1,25,0,0,0,0
TerMur,1,26,0,0,0,0
TerMur,1,27,0,0,0,0
TerMur,1,28,0,0,0,0
TerMur,1,29,0,0,0,0
TerMur,1,30,0,0,0,0
TerMur,1,31,0,0,0,0
TerMur,1,32,0,0,0,0
TerMur,2,0,0,0,0,0
TerMur,2,2,0,0,0,0
TerMur,2,6,0,0,0,0
TerMur,2,7,0,0,0,0
TerMur,2,8,0,0,0,0
TerMur,2,9,0,0,0,0
TerMur,2,10,0,0,0,10
TerMur,2,11,0,0,0,30
TerMur,2,12,0,0,0,11
TerMur,2,13,0,0,0,26
TerMur,2,14,0,0,0,21
TerMur,2,15,0,0,0,2
TerMur,2,16,0,0,0,0
TerMur,2,17,0,0,0,0
TerMur,2,18,0,0,0,0
TerMur,2,19,0,0,0,0
TerMur,2,20,0,0,0,0
TerMur,2,21,0,0,0,0
TerMur,2,22,0,0,0,0
TerMur,2,24,0,0,0,1
TerMur,2,26,0,0,0,0
TerMur,2,29,0,0,0,0
TerMur,2,30,0,0,0,0
TerMur,2,31,0,0,0,0
TerMur,2,32,0,0,0,0
TerMur,3,0,0,0,0,0
TerMur,3,2,0,0,0,0
TerMur,3,8,0,0,0,0
TerMur,3,9,0,0,0,0
TerMur,3,10,0,0,0,14
TerMur,3,11,0,0,0,23
TerMur,3,12,0,0,0,19
TerMur,3,13,0,0,0,20
TerMur,3,14,0,0,0,12
TerMur,3,15,0,0,0,3
TerMur,3,16,0,0,0,0
TerMur,3,17,0,0,0,0
TerMur,3,19,0,0,0,0
TerMur,3,20,0,0,0,0
TerMur,3,21,0,0,0,0
TerMur,3,22,0,0,0,0
TerMur,3,24,0,0,0,10
TerMur,3,25,0,0,0,2
TerMur,3,29,0,0,0,0
TerMur,3,30,0,0,0,0
TerMur,3,31,0,0,0,0
TerMur,3,32,0,0,0,0
TerMur,4,0,0,0,0,0
TerMur,4,1,0,0,0,0
TerMur,4,2,0,0,0,0
TerMur,4,8,0,0,0,0
TerMur,4,9,0,0,0,0
TerMur,4,10,0,0,0,3
TerMur,4,11,0,0,0,15
TerMur,4,12,0,0,0,24
TerMur,4,13,0,0,0,23
TerMur,4,14,0,0,0,17
TerMur,4,15,0,0,0,15
TerMur,4,16,0,0,0,8
TerMur,4,17,0,0,0,1
TerMur,4,19,0,0,0,0
TerMur,4,20,0,0,0,0
TerMur,4,21,0,0,0,0
TerMur,4,24,0,0,0,16
TerMur,4,25,0,0,0,22
TerMur,4,31,0,0,0,0
TerMur,4,32,0,0,0,0
TerMur,5,0,0,0,0,0
TerMur,5,1,0,0,0,0
TerMur,5,2,0,0,0,0
TerMur,5,8,0,0,0,0
TerMur,5,9,0,0,0,0
TerMur,5,10,0,0,0,12
TerMur,5,11,0,0,0,18
TerMur,5,12,0,0,0,14
TerMur,5,13,0,0,0,9
TerMur,5,14,0,0,0,9
TerMur,5,15,0,0,0,15
TerMur,5,16,0,0,0,7
TerMur,5,17,0,0,0,0
TerMur,5,18,0,0,0,0
TerMur,5,19,0,0,0,0
TerMur,5,20,0,0,0,0
TerMur,5,21,0,0,0,0
TerMur,5,28,0,0,0,0
TerMur,5,32,0,0,0,0
TerMur,6,6,0,0,0,0
TerMur,6,10,0,0,0,1
TerMur,6,12,0,0,0,7
TerMur,6,13,0,0,0,6
TerMur,6,15,0,0,0,16
TerMur,6,16,0,0,0,0
TerMur,6,18,0,0,0,0
TerMur,6,19,0,0,0,0
TerMur,6,20,0,0,0,0
TerMur,6,21,0,0,0,0
TerMur,6,28,0,0,0,0
TerMur,6,31,0,0,0,0
TerMur,6,32,0,0,0,0
TerMur,7,10,0,0,0,0
TerMur,7,11,0,0,0,4
TerMur,7,12,0,0,0,14
TerMur,7,13,0,0,0,9
TerMur,7,15,0,0,0,2
TerMur,7,16,0,0,0,1
TerMur,7,17,0,0,0,3
TerMur,7,18,0,0,0,0
TerMur,7,19,0,0,0,0
TerMur,7,20,0,0,0,0
TerMur,7,21,0,0,0,0
TerMur,7,22,0,0,0,0
TerMur,7,24,0,0,0,5
TerMur,7,26,631500,1,6315001,0
TerMur,7,27,0,0,0,0
TerMur,7,28,0,0,0,0
TerMur,7,29,631400,1,6314001,0
TerMur,7,30,610200,1,6102001,0
TerMur,7,31,0,0,0,0
TerMur,7,32,0,0,0,0
TerMur,8,0,0,0,0,0
TerMur,8,1,0,0,0,0
TerMur,8,2,0,0,0,0
TerMur,8,3,0,0,0,0
TerMur,8,4,0,0,0,0
TerMur,8,5,0,0,0,0
TerMur,8,10,0,0,0,0
TerMur,8,11,0,0,0,1
TerMur,8,12,0,0,0,6
TerMur,8,13,0,0,0,0
TerMur,8,14,0,0,0,0
TerMur,8,15,0,0,0,0
TerMur,8,16,0,0,0,0
TerMur,8,17,0,0,0,0
TerMur,8,18,0,0,0,0
TerMur,8,19,0,0,0,0
TerMur,8,20,0,0,0,0
TerMur,8,21,0,0,0,0
TerMur,8,22,0,0,0,0
TerMur,8,23,0,0,0,1
TerMur,8,24,0,0,0,1
TerMur,8,27,0,0,0,0
TerMur,8,28,0,0,0,0
TerMur,8,30,0,3,6314003,1
TerMur,8,31,0,0,0,0
TerMur,8,32,0,0,0,0
TerMur,9,0,0,0,0,0
TerMur,9,1,0,0,0,0
TerMur,9,2,0,0,0,0
TerMur,9,3,0,0,0,0
TerMur,9,4,0,0,0,0
TerMur,9,5,0,0,0,0
TerMur,9,10,0,0,0,0
TerMur,9,11,0,0,0,0
TerMur,9,12,0,0,0,0
TerMur,9,13,0,0,0,0
TerMur,9,14,0,0,0,0
TerMur,9,15,0,0,0,0
TerMur,9,16,0,0,0,0
TerMur,9,17,0,0,0,0
TerMur,9,18,0,0,0,0
TerMur,9,19,0,0,0,0
TerMur,9,20,0,0,0,0
TerMur,9,21,0,0,0,0
TerMur,9,22,0,0,0,0
TerMur,9,23,0,0,0,0
TerMur,9,24,0,0,0,0
TerMur,9,27,0,0,0,0
TerMur,9,28,0,0,0,0
TerMur,9,29,0,0,0,0
TerMur,9,30,0,0,0,0
TerMur,9,31,0,0,0,0
TerMur,9,32,0,0,0,0
TerMur,10,0,0,0,0,0
TerMur,10,1,0,0,0,0
TerMur,10,2,0,0,0,0
TerMur,10,3,0,0,0,0
TerMur,10,4,0,0,0,0
TerMur,10,5,0,0,0,0
TerMur,10,6,0,0,0,0
TerMur,10,7,0,0,0,0
TerMur,10,8,0,0,0,0
TerMur,10,9,0,0,0,0
TerMur,10,10,0,0,0,0
TerMur,10,11,0,0,0,0
TerMur,10,12,0,0,0,0
TerMur,10,13,0,0,0,0
TerMur,10,14,0,0,0,0
TerMur,10,15,0,0,0,0
TerMur,10,16,0,0,0,0
TerMur,10,17,0,0,0,0
TerMur,10,18,0,0,0,0
TerMur,10,19,0,0,0,0
TerMur,10,20,0,0,0,0
TerMur,10,21,0,0,0,0
TerMur,10,22,0,0,0,0
TerMur,10,23,0,0,0,0
TerMur,10,24,0,0,0,0
TerMur,10,25,0,0,0,0
TerMur,10,26,0,0,0,0
TerMur,10,27,0,0,0,0
TerMur,10,28,0,0,0,0
TerMur,10,29,0,0,0,0
TerMur,10,30,0,0,0,0
TerMur,10,31,0,0,0,0
TerMur,10,32,0,0,0,0
